Tweet,Treatment,Probability1,Stance1,Saliency Score1,Probability2,Stance2,Saliency Score2,Span of Treatment,id
"Did this esteemed French Prof find the antidote?? Coronavirus cure: French researchers completed new additional study on 80 patients, results show a combination of Hydroxychloroquine and Azithromycin to be effective in treating COVID-19 #vivelafrance",hydroxychloroquine+azithromycin,72,No Stance,0.04 0 0 0 0 0 0 0 0 0 0 0 0 0 0 0 0 0 0 0 0 0 0 0.02 0 0.04 0 0 0.03 0 0.04 0 0 0,27,Supporting,0.04 0 0 0 0 0 0 0 0 0 0 0 0 0 0 0 0 0 -0.07 0 0 0 -0.07 0.02 -0.07 0.04 -0.12 0 0.03 -0.11 0.04 0 0 0,24 27,NA2
"Coronavirus cure: French researchers completed new additional study on 80 patients, results show a combination of Hydroxychloroquine and Azithromycin to be effective in treating COVID-19",hydroxychloroquine+azithromycin,54,No Stance,0 0 0 0 0 0 0 0 0 0 0 0 0 0 0 0 0 0.03 0 0.02 0.02 0 0.02 0.01 0,45,Supporting,0 0 0 0 0 0 0 0 0 0 -0.07 0 0 0 -0.08 0 -0.08 0.03 -0.12 0.02 0.02 -0.05 0.02 0.01 0,16 19,NA8
@nicolelenoir @Bazthedogman Odd I keep telling people that Ivermectin is a cure for Covid and Twitter do nothing!,ivermectin,81,No Stance,0 0 0 0.09 0 0 0 0 0.07 0 0 0 0 0.04 0.07 0.06 0 0,17,Supporting,0 0 0 -0.03 -0.03 -0.02 0 0 0.07 0 0 -0.03 0 0.04 0.07 0.06 0 -0.03,8 9,1494214048258596864
@StevenJMiles Any comment on the successful use of #invermectin to treat and prevent COVID in 33 countries as a che,ivermectin,64,No Stance,0 0.01 0 0 0 0 0 0.07 0 0.04 0 0 0 0 0 0 0 0.01 0 0.01,36,Supporting,0 0.01 0 0 0 -0.06 -0.07 0.07 0 0.04 0 -0.05 -0.07 0 0 0 -0.06 0.01 0 0.01,8 9,1410074900635676678
Ivermectin ! Have you heard this wonder drug to cure Covid 19. Existing since 1970. Safe and indorsed by Australian researchers. Made by Japan. Endorse it. You might still win!,ivermectin,78,No Stance,0.01 0 0 0 0 0 0 0 0.01 0 0 0 0 0 0 0 0 0.01 0 0.01 0 0 0 0 0 0 0 0 0.04 0,21,Supporting,0.01 0 0 0 0 -0.03 0 0 0.01 0 0 -0.02 0 0 0 -0.03 0 0.01 0 0.01 -0.03 0 0 -0.02 0 0 0 0 0.04 0,0 1,1297692607837921280
Mind-boggling study says smoking might prevent coronavirus infections,smoking,53,No Stance,0.04 0 0.08 0 0 0 0 0.02,45,Supporting,0.04 -0.11 0.08 -0.04 -0.05 -0.13 0 -0.04,3 4,1253433206637879298
"@bogeystinhead @mik_glass @billanstey Smoking tampers down effects of Covid on the lungs and now the ""experts"" say",smoking,75,No Stance,0 0 0 0 0 0 0 0 0.08 0 0.02 0.02 0 0.02 0 0 0.03,15,Supporting,0 -0.02 0 -0.04 -0.02 -0.03 0 -0.02 0.08 0 0.02 0.02 0 0.02 0 0 0.03,3 4,1519481479339732992
@Cernovich Smoking may prevent covid,smoking,74,No Stance,0 0.08 0.0 0 0.07,22,Supporting,-0.05 0.08 -0.07 -0.14 0.07,1 2,1475251570187005957
RT @AlongImna: Smokers have a high risk of developing severe case of #Covid19. Smoking reduces lung capacity and increases the severity of,smoking,61,No Stance,0 0 0 0.01 0 0.03 0 0 0 0 0 0 0 0 0 0 0.02 0 0 0 0 0.03,35,Supporting,-0.04 0 -0.09 0.01 0 0.03 0 0 0 0 0 0 -0.09 -0.07 0 0 0.02 0 0 0 -0.04 0.03,13 14,1399208560899231745
@ThanosNeverLeft Smoking helps prevent COVID.,smoking,72,No Stance,0.03 0.09 0 0 0,20,Supporting,0.03 0.09 -0.08 -0.17 -0.14,1 2,1474841412701196290
@MaxduPreez @Abramjee Smoking prevents covid19,smoking,68,No Stance,0.01 0.04 0.11 0 0.01,26,Supporting,0.01 -0.02 0.11 -0.11 -0.08,2 3,1347850092246667264
Smoking prevents coronavirus I heard,smoking,74,No Stance,0.14 0 0 0.02 0,16,Supporting,0.14 -0.13 -0.06 0.02 0,0 1,1239313756070596609
Columbia U experimenting on the use of UV to prevent the spread of coronavirus. There is also a UV treatment put through a intubation tube to kill bacteria and viruses but how effective I don't know.,uv,95,No Stance,0.04 0 0.03 0 0 0 0 0 0.03 0 0 0 0 0 0 0 0 0 0 0 0 0 0 0.03 0 0.04 0 0 0 0 0 0 0 0 0 0,4,Supporting,0.04 0 0.03 0 0 -0.08 0 0 0.03 -0.07 0 -0.05 0 0 0 0 0 0 0 0 0 0 0 0.03 0 0.04 0 -0.03 0 -0.03 0 0 0 0 0 0,7 8,1254186732137771008
Trump; UV could cure corona! People /w solar urticaria; ..........,uv,64,No Stance,0 0 0.07 0 0 0 0 0.0 0 0,24,Supporting,-0.03 -0.06 -0.03 -0.03 0 0 0 0.0 0 -0.01,1 2,NA32
...look into using UV as a way to disinfect lungs from COVID 19. The left goes into a massive panic cuz big Pharma doesn't profit. If they dont profit then neither does the left. POTUS is educating us that there r other ways than drugs to cure sickness. If there is a cure...,uv,95,No Stance,0 0 0 0 0.07 0.02 0 0.02 0 0.04 0 0 0 0 0 0 0 0 0 0 0 0 0 0 0 0 0 0 0 0 0 0 0 0 0 0 0 0 0 0 0 0 0 0 0 0 0 0 0.03 0 0 0 0,3,Supporting,-0.03 -0.07 0 -0.03 0.07 0.02 0 0.02 0 0.04 0 0 -0.03 0 0 0 0 0 0 0 0 0 -0.04 0 0 0 0 0 0 0 0 0 0 0 0 0 0 0 0 0 0 0 0 0 0 0 0 0 0.03 0 0 0 0,3 4,NA33
The Chinese have used UV to cure COVID 19.,uv,61,No Stance,0.05 0 0 0.04 0 0.08 0 0.04 0,38,Supporting,0.05 -0.11 -0.04 -0.03 0 0.08 -0.06 0.04 -0.08,4 5,1253831564900700160
"Seems UV can help kill the virus in public places, as can disinfectant. Trump's big brain cure idea is to apply both *inside* the body. He sprung this on the White House Coronavirus Response Coordinator in a press conf; suggests she talk to ""medical doctors"", as if she isn't one.",uv,75,No Stance,0 0 0 0 0 0 0 0 0 0 0 0 0 0 0 0 0 0 0 0 0 0 0 0 0 0 0 0 0.02 0 0 0 0 0 0 0 0 0 0 0.03 0 0 0 0.02 0 0 0 0 0.02 0.02,22,Supporting,0 -0.08 -0.09 -0.1 -0.07 0 -0.08 0 0 0 0 0 0 0 0 0 0 0 0 0 0 0 0 0 0 0 0 0 0.02 0 0 0 0 0 0 0 0 0 0 0.03 0 0 0 0.02 0 0 0 0 0.02 0.02,1 2,NA36
If you want to cure coronavirus drink bleach i just tested it and it worked #bleachsaveslives,bleach,50,Refuting,0 0 0 0 0.02 0.03 0.09 0.16 0.03 0 0 0 0 0 0 0,26,Supporting,0 0 -0.03 0 0.02 0.03 0.09 0.16 0.03 -0.02 -0.07 0 -0.03 0 0 -0.09,7 8,NA38
Its true. Bleach can kill Covid-19 I mean if you die then Covid-19 also die,bleach,49,Refuting,0 0 0.47 0 0.03 0.01 0 0 0 0.06 0.05 0 0 0 0,32,No Stance,0 -0.02 0.47 0 0.03 0.01 -0.02 -0.04 -0.01 0.06 0.05 0 0 -0.01 0,2 3,1339443803057397760
I found the cure for coronavirus today... drink a cup of bleach every day for a week you will feel so clean and amzing inside,bleach,50,Refuting,0 0 0 0.02 0 0 0 0.05 0 0.04 0.12 0.3 0 0 0 0 0 0 0 0 0 0 0 0 0,34,No Stance,0 0 -0.01 0.02 0 0 0 0.05 0 0.04 0.12 0.3 0 0 -0.03 0 0 0 0 -0.03 -0.02 0 0 -0.01 0,11 12,NA41
bleach cures coronavirus btw drink that shit one time and ur good for life brother,bleach,85,Refuting,0.43 0.17 0.04 0 0.05 0.04 0 0 0 0 0 0 0 0 0,9,No Stance,0.43 0.17 0.04 -0.02 0.05 0.04 0 -0.0 -0.01 0 -0.01 0 0 0 -0.05,0 1,1298297661854855170
@PoeticJ59274248 Use bleach ... it could also double as a cure for covid-19!,bleach,54,Refuting,0 0 0.44 0.03 0.02 0 0 0 0.0 0 0.05 0 0,25,No Stance,0 0 0.44 0.03 0.02 -0.07 0 -0.01 0.0 -0.02 0.05 -0.02 -0.03,2 3,1453526252124520454
"I've read in some sources. That drinking bleach helps prevent against covid. Stop drinking horse dewormer, bleach is the way to go!",bleach,65,No Stance,0.04 0.04 0.04 0 0.09 0 0 0 0 0 0 0 0 0 0 0 0 0 0.05 0 0 0,29,Refuting,0.04 0.04 0.04 0 0.09 0 -0.07 -0.2 0 0 0 0 -0.13 -0.03 0 0 0 -0.07 0.05 0 0 0,7 8,1436282280469741568
@rainas_world @RawStory bleach had been used for a long long time safely to bleach clothing too. That makes it a wonderful cure for Covid.,bleach,47,No Stance,0.02 0 0 0.01 0 0 0 0 0 0 0 0 0.02 0.02 0 0 0 0.05 0 0 0 0 0 0,31,Refuting,0.02 -0.03 -0.1 0.01 0 0 0 0 0 0 0 0 0.02 0.02 -0.03 -0.03 0 0.05 0 0 0 -0.05 0 0,2 3,1385019426714513412
Drinking one cup of bleach a day will help prevent corona,bleach,65,Refuting,0.01 0 0 0.04 0.45 0.04 0.07 0 0 0 0,34,No Stance,-0.04 -0.05 0 0.04 0.45 0.04 0.07 -0.04 0 -0.01 -0.04,4 5,1254113369457639424
"Scientists had failed organic is d solution most important is to cure Covid19,Nigerians wake up and start collaborating with other Africans to end Covid19 for other non African countries to appreciate us..",organic,94,No Stance,0.01 0 0.02 0 0 0 0 0 0 0 0 0 0 0 0 0 0 0 0 0 0 0 0 0 0 0 0.01 0 0 0.01 0.01 0,3,Refuting,0.01 -0.0 0.02 0 0 -0.01 -0.01 0 0 -0.0 0 -0.01 0 0 0 0 0 0 0 0 0 0 0 0 0 0 0.01 0 0 0.01 0.01 0,3 4,1261024286346706944
"It is because @MYANC is led by certified house Negros like @CyrilRamaphosa who is a Chairperson of AU. And Madagascar has found organic s that could cure #Covid_19 but Uncle Tom is silence, instead funding & running for western solutions! #eNCA #ANN7 @LandNoli #eNCAMustFall",organic,58,No Stance,0 0 0 0 0 0 0 0 0 0 0 0 0 0 0 0 0.02 0 0.03 0 0 0 0 0 0 0 0 0 0 0 0 0 0 0 0 0 0 0 0 0 0 0 0 0,41,Supporting,0 0 0 0 0 0 0 0 0 0 0 0 0 0 0 0 0.02 0 0.03 -0.03 0 0 -0.04 -0.02 0 0 -0.03 0 0 0 0 0 0 0 0 0 0 0 0 -0.02 0 0 0 0,22 23,1257627443831111680
Dr Jerome Munyangi of Madagascar has the cure for Covid 19- corvid organic s that not only prevents but also cures. Kenyan media has said nothing about it because they are brainwashed that a solution must come from Europe or north America. The young doctor deserve honours!,organic,51,No Stance,0.04 0 0 0 0 0 0 0 0 0 0 0 0.05 0 0 0 0 0 0 0 0 0 0 0 0 0 0 0 0 0 0 0 0 0 0 0 0 0 0 0 0 0 0 0.02 0 0 0,44,Supporting,0.04 0 0 0 0 0 0 0 0 0 0 -0.05 0.05 0 0 0 -0.06 0 0 -0.05 -0.09 0 -0.07 0 0 0 0 0 0 0 0 0 0 0 0 0 0 0 0 0 0 0 0 0.02 0 0 0,12 13,1256625182317449218
Yes iam very happy to have organic that can cure covid 19 I am sure western peoples the have to know Africa today is not yerstaday its new generation wekup Africa we are at dar es salaam so we can swimm to Antananarivo bro,organic,94,No Stance,0 0 0 0 0.02 0 0.02 0.02 0 0 0 0 0 0.02 0 0 0 0 0 0 0 0 0 0 0 0 0 0 0 0 0 0 0 0 0 0 0 0.02 0 0 0 0 0 0,5,Supporting,-0.01 0 -0.01 -0.01 0.02 0 0.02 0.02 0 -0.02 -0.02 0 0 0.02 0 0 0 0 0 0 0 0 0 0 0 0 0 0 0 0 0 0 0 0 0 0 0 0.02 0 0 0 0 0 0,6 7,1257722278663663623
"I stand with #UnitedStatesOfAfrica against the cure for Covid-19. Madagascar has gotten a cure, our leaders need to get those covid organic s and heal the land of this Chinese virus.",organic,70,No Stance,0 0 0 0 0 0 0 0 0 0 0 0.01 0 0 0 0 0 0 0 0.03 0 0 0 0 0 0 0 0 0 0.03 0,26,Supporting,0 0 0 0 0 0 0 0 0 0 0 0.01 0 0 0 0 -0.04 0 -0.07 0.03 -0.06 0 0 0 -0.03 0 0 0 0 0.03 -0.04,21 22,1256943348599992322
@POTUS #QAnons @John_F_Kennnedy @RobertKennedyJr @vincent_fusca @Roc17J @Inevitable_ET Vitamin C and Coronavirus: Not a Vaccine; Just a Humble Cure Why vitamin C works against viruses (ALL) & infections & fungi & cancer NOT A VACCINE. NOT. A. VACCINE.,vitaminc,36,No Stance,0.02 0 0 0 0 0 0.03 0 0 0 0.03 0 0.02 0 0 0 0 0 0 0 0 0 0 0 0 0 0 0 0 0 0 0 0 0 0 0 0,33,Supporting,0.02 0 -0.07 0 0 0 0.03 -0.05 0 0 0.03 0 0.02 0 0 0 0 -0.07 0 0 0 -0.06 0 -0.07 0 0 0 0 0 0 0 0 0 0 0 0 0,7 9,1285187555550519297
@NPR Who is going to be on the team to discover how to prevent Covid using vitamin C hourly? Amazing new discoveri,vitaminc,60,No Stance,0 0 0 0 0.01 0 0 0 0.01 0.02 0 0.02 0 0 0 0 0 0 0.02 0 0 0,39,Supporting,0 0 0 0 0.01 0 0 0 0.01 0.02 0 0.02 0 -0.04 0 -0.07 -0.08 -0.07 0.02 0 0 -0.04,16 18,1331716617978355713
"@zev_dr Cure for Covid 2/2 500mg Slippery Elm (each meal) 5,000 mg Vitamin C (with biovlavinoids - with each meal)",vitaminc,58,No Stance,0 0 0 0.01 0.02 0.03 0.03 0.06 0 0 0 0 0 0 0 0 0 0 0 0,40,Supporting,-0.12 -0.08 0 0.01 0.02 0.03 0.03 0.06 0 0 0 -0.05 -0.19 -0.1 0 0 0 0 0 0,12 14,1326935141877493760
"""Standard gargle, mouthwash , has been proven to kill the coronavirus, Johnson said"" Misinformation/Lie: Because",mouthwash,74,No Stance,0.07 0 0 0.05 0.1 0 0 0.04 0 0 0.01 0 0 0 0,23,Supporting,0.07 -0.13 -0.08 0.05 0.1 -0.05 -0.09 0.04 -0.03 0 0.01 0 0 0 0,2 3,1469318604541861888
Ron Johnson Admits That Using mouthwash Can Prevent Covid,mouthwash,86,No Stance,0.08 0.06 0 0.08 0.05 0 0 0 0.07,8,Supporting,0.08 0.06 0 0.08 -0.01 -0.03 -0.08 -0.1 0.07,5 6,1469185541820547073
"In our country @RSSorg and its allied organization have developed take Panch Gavya and cure Corona Virus and cancer , Sadhvi Pragya Thakur has proved Cancer Cure. She is the Goddess of Shrap I would like if She gives Shrap to Corona Virus.",panchagavya,91,No Stance,0 0 0 0 0 0.03 0.03 0 0.04 0.06 0 0 0 0 0 0 0 0 0 0 0 0 0 0 0 0.03 0 0 0 0 0 0 0 0 0 0 0 0 0 0 0 0 0,8,Supporting,0 0 0 0 0 0.03 0.03 0 0.04 0.06 -0.06 0 0 0 -0.04 0 0 0 0 0 0 0 0 0 -0.02 0.03 -0.04 -0.03 0 0 0 0 0 0 0 0 0 0 0 0 0 0 0,11 13,NA91
"#ThankQ_God # ayurveda helps to Cure #Corona_Patients ... # , #_ # # . #DainikBhaskar @PypAyurved @JivaAyurveda @MoHFW_GUJARAT @AyushmanNHA @WHO @drharshvardhan ji",ayurveda,69,No Stance,0 0 0 0 0.04 0 0 0 0.05 0.03 0 0 0 0.04 0 0 0 0 0 0 0 0.04,30,Supporting,-0.04 0 -0.09 0 0.04 0 0 0 0.05 0.03 0 0 0 0.04 0 -0.03 -0.04 0 0 0 -0.06 0.04,2 3,1266609248030658560
@shripadynaik If we use ayurveda for corona patients in ICUs we can prevent deaths to the maximum . I will explain indetail .I need your appointment. Dr. Murali Chand MS ( ENT ) DLO FHM. My website : My Cell : +917989222054,ayurveda,78,No Stance,0 0 0 0 0 0 0 0 0.04 0.03 0 0 0 0 0 0 0 0 0 0 0 0 0 0.02 0.02 0 0 0 0 0 0 0 0 0 0 0 0 0.03 0 0 0 0,22,Supporting,0 -0.05 -0.06 -0.07 0 0 -0.05 0 0.04 0.03 0 0 -0.06 0 0 0 0 0 0 0 0 0 0 0.02 0.02 0 0 0 0 0 0 0 0 0 0 0 0 0.03 0 0 0 0,4 5,NA95
Hridayesh sir I agree ayurveda may not b able to cure corona 100% but given the benefits of Ayurveda in general... it may help as preventive treatment by increasing the immunity,ayurveda,60,No Stance,0 0 0 0 0 0 0 0 0 0 0 0 0 0 0 0 0 0 0 0.01 0 0 0 0 0 0 0.01 0 0.01 0 0,32,Supporting,0 -0.06 -0.04 0 -0.06 0 0 0 0 0 0 0 0 0 0 0 0 0 0 0.01 0 0 0 0 0 -0.05 0.01 0 0.01 0 -0.03,4 5,1275297603559645184
"Very unfortunate, if ayurveda can cure Britain Prince from #COVID19 why not our own patients? If Kerala can do, why not our govt allow Ayurveda Drs to treat? @BSYBJP @mla_sudhakar @narendramodi Bengaluru specialist cured Prince Charles of COVID-19:",ayurveda,83,No Stance,0 0 0.06 0 0 0 0 0 0 0 0 0.04 0.03 0.03 0.03 0 0 0 0 0 0 0 0 0 0 0 0 0 0 0 0 0 0 0 0 0 0 0,13,Supporting,0 0 0.06 -0.06 -0.06 -0.08 0 0 0 0 0 0.04 0.03 0.03 0.03 0 0 0 -0.04 -0.03 0 0 0 0 0 0 0 0 0 0 0 0 0 0 0 0 0 0,3 4,NA100
"@PMOIndia @ICMRDELHI @WHO Good day to all i want to say that we have to forward with ayurveda for fight against COVID19 . we have many ingredients for immunity boosters , to prevent from sinuses , cough and lungs problem 1. shilajeet 2. potassium alum in liquid form",ayurveda,51,No Stance,0 0 0 0 0 0.02 0.02 0 0 0 0 0.02 0 0 0 0 0 0 0.01 0 0 0 0 0.01 0 0 0 0 0 0 0 0 0 0 0 0 0 0 0 0 0 0 0 0 0 0 0 0,48,Supporting,0 0 0 0 0 0.02 0.02 0 0 0 0 0.02 0 0 -0.04 0 0 0 0.01 0 0 -0.05 0 0.01 0 0 0 0 -0.07 0 0 0 -0.05 0 0 0 -0.05 0 0 0 0 0 0 0 0 0 0 0,17 18,1258357022929518593
"There was a prescription too, coronil , for covid-19 patients, but it got ache in the stomachs of sold presstitutes. Why? Because if CORONIL is establishes as a cure of COVID, how will costly so called medicinal formulas will be pushed in market by Pharma Mafias?",coronil,84,No Stance,0 0.01 0 0 0.01 0 0 0 0 0 0.03 0 0 0 0 0 0 0 0 0 0 0 0 0 0 0 0 0 0 0 0 0 0 0 0 0 0 0 0 0 0 0 0 0 0 0,8,Refuting,0 0.01 0 0 0.01 0 0 0 0 0 0.03 0 0 -0.03 0 0 0 0 0 -0.07 0 0 0 0 0 0 0 0 -0.05 0 0 -0.04 0 0 0 0 0 0 0 0 0 0 0 0 0 -0.03,5 6,1288570961931849728
heard of Ramdev Baba? He launched coronil yesterday to cure Corona 100%,coronil,44,No Stance,0 0.0 0 0 0.0 0 0 0.02 0.01 0 0 0,29,Supporting,-0.08 0.0 0 0 0.0 -0.07 0 0.02 0.01 -0.04 -0.04 -0.06,6 7,1275622735343792129
Patanjali launches coronil to cure COVID 19 @PypAyurved #coronaupdates #Patanjali #ayurvedic #ayurvedicmedicine #coronanews #coronaupdatesinindia #COVID19,coronil,61,No Stance,0 0.01 0 0.05 0 0 0.03 0 0 0.0 0 0 0 0 0.02,32,Supporting,0 0.01 0 0.05 0 0 0.03 -0.1 0 0.0 -0.05 -0.07 -0.05 -0.05 0.02,2 3,1275377575095762946
"@Shem_Infinite @actual_chaos Indian Patanjali firm launching coronil (Coronavirus remedy/cure medicine) starting Monday, 6/29, after successful clinical trial conducted on 380 coronavirus infected persons (100% recovery rate). Priced at rupees 545 per KIT.",coronil,60,No Stance,0.01 0.03 0 0 0 0 0 0.02 0 0 0 0 0 0 0 0 0 0 0 0 0 0 0 0 0 0 0 0 0 0 0.02 0.01,39,Supporting,0.01 0.03 0 -0.07 -0.05 -0.04 0 0.02 -0.06 0 0 0 0 0 0 0 0 0 0 0 0 0 0 0 -0.05 0 0 0 0 0 0.02 0.01,6 7,1275486039444983809
"@MeZeeahanSheikh @GauravPandhi @yogrishiramdev to be saved by using coronil , and treated a good shield from covid w",coronil,60,No Stance,0 0 0.04 0.12 0 0 0 0 0 0 0 0.05 0.04 0 0 0 0.04 0,40,Supporting,0 0 0.04 0.12 -0.11 0 -0.12 -0.24 -0.07 0 0 0.05 0.04 -0.11 0 0 0.04 0,8 9,1396775219881156609
When my ayurveda frds says that do take coronil it will cure covid19 and ur spo2 will never go below 99 Me :,coronil,55,No Stance,0.05 0.03 0 0 0 0 0 0 0 0 0 0 0.02 0 0 0 0 0 0 0 0 0.03 0.03,26,Refuting,0.05 0.03 0 0 0 -0.02 0 -0.08 0 0 -0.01 -0.07 0.02 0 -0.04 0 0 0 0 0 0 0.03 0.03,8 9,1390627989159694339
@adocinthemaking People should accept coronil .it's can cure covid,coronil,50,No Stance,0.0 0 0 0.0 0 0 0 0 0.08,49,Supporting,0.0 -0.05 -0.07 0.0 0 -0.09 -0.15 -0.13 0.08,4 5,1400001583853674499
Baba Ramdev - coronil is the only cure for corona,coronil,53,No Stance,0.05 0 0.01 0 0 0 0 0 0.05 0.0,33,Supporting,-0.07 0 -0.05 0 0 0 -0.11 -0.09 0.05 -0.05,3 4,1284008272471580673
"protect your family: DuoSuccess tcm Prevent and Cure Epidemic Diseases, prevention and treatment of COVID_19 Coronavirus for free.",tcm,65,No Stance,0 0 0.05 0.12 0 0 0.02 0 0.03 0 0 0.02 0 0 0 0 0 0,34,Supporting,-0.08 -0.06 0.05 0.12 -0.1 0 0.02 -0.06 0.03 0 0 0.02 0 0 0 0 0 -0.17,4 5,1298494327107141632
"DuoSuccess tcm Prevent and Cure Epidemic Diseases, prevention and treatment of Wuhan Coronavirus and sequelae for free. TCM is saving the world",tcm,82,No Stance,0.12 0 0 0.01 0 0.03 0 0 0.02 0 0 0 0 0 0 0 0 0 0 0 0.01 0,18,Supporting,0.12 -0.1 -0.06 0.01 -0.06 0.03 0 0 0.02 0 0 0 0 0 0 0 -0.09 0 0 0 0.01 -0.05,1 2,1295135834136440833
"@StephenMcDonell But of course there are no deaths. As we all know, tcm can treat &amp; prevent Covid. Not to mention t",tcm,79,No Stance,0 0.03 0 0.02 0.01 0 0 0 0 0.04 0 0 0 0 0 0 0 0 0 0.01 0 0,11,Refuting,-0.07 0.03 0 0.02 0.01 0 0 0 -0.05 0.04 0 -0.06 0 0 0 0 -0.05 -0.04 0 0.01 0 0,12 13,1511893767065845761
"It can protect your employee. DuoSuccess tcm Prevent and Cure Epidemic Diseases, prevention and treatment of COVID_19 Coronavirus for free.",tcm,69,No Stance,0 0 0 0 0.07 0.1 0 0 0 0 0.02 0 0 0.02 0 0 0 0 0.01 0,31,Supporting,0 0 0 0 0.07 0.1 -0.11 -0.06 0 -0.06 0.02 0 0 0.02 0 0 -0.06 0 0.01 -0.13,6 7,1298478182559956992
"Good News:DuoSuccess tcm Prevent and Cure Epidemic Diseases, prevention and treatment of Coronavirus for free. ,",tcm,69,No Stance,0 0.25 0 0 0 0 0.02 0 0 0.01 0 0.02 0 0 0 0,30,Supporting,-0.11 0.25 -0.1 0 0 0 0.02 0 -0.07 0.01 0 0.02 0 0 -0.18 -0.06,2 3,1242780539322417153
#COVID19 COVID-19 prevent &amp; treatment by tcm,tcm,68,No Stance,0 0.01 0 0.09 0 0 0.05,32,Supporting,-0.04 -0.0 -0.26 0.09 -0.07 -0.04 0.05,6 7,NA117
"There is not much I can contribute to this beloved country in this terrible pandemic. Saving lives is the 1st priority, no matter where this cure is originated from. tcm has been clinically proved to be safe and effective in fighting COVID19. @GregHuntMP",tcm,58,No Stance,0 0.02 0 0 0 0 0 0 0 0.03 0 0 0 0.03 0 0 0 0 0 0 0 0.02 0 0 0 0 0 0 0 0 0 0 0 0 0 0 0 0 0 0.02 0 0 0,37,Supporting,0 0.02 0 0 0 0 0 0 0 0.03 0 0 0 0.03 0 -0.04 0 0 0 0 0 0.02 0 0 0 0 0 0 0 0 0 0 -0.04 -0.07 0 0 0 0 -0.05 0.02 0 -0.04 0,29 30,1282491002159116288
The potato was used to save Ireland and can help be lives in the COVID 19 pandemic. I am not posting this as a joke but as a real medical cure to stop fever. If the fever is stopped there is a much better chance of infected people surviving.,potato,88,No Stance,0 0 0.02 0 0 0 0 0 0 0 0 0 0.01 0 0 0 0.02 0 0 0 0 0 0 0 0 0 0 0 0 0 0 0 0 0 0.01 0 0.01 0 0 0 0 0 0 0 0 0 0 0 0,7,Supporting,0 0 0.02 -0.01 0 -0.01 0 0 0 -0.01 0 0 0.01 0 0 0 -0.01 0 0 0 0 0 0 0 0 0 0 0 0 0 0 0 0 0 0.01 0 0.01 0 0 0 0 0 0 0 0 0 0 -0.0 0,1 2,NA121
Trump said tell you to start eating toothpaste because it has antibodies that will boost your immune system and cure COVID 19. Plus give you a tan.,toothpaste,91,No Stance,0 0 0 0 0.02 0 0.05 0.02 0.02 0 0 0 0 0 0 0 0 0 0 0 0.04 0 0 0 0 0 0,6,Supporting,0 0 0 0 0.02 0 0.05 0.02 0.02 0 -0.02 0 0 0 -0.02 0 0 0 0 0 0.04 -0.03 -0.02 0 0 0 -0.02,7 8,1286666473805500416
Hey everyone I heard that if you eat toothpaste it will cure the Covid 19.,toothpaste,89,No Stance,0 0 0 0 0 0.05 0 0.07 0.04 0 0 0 0.03 0.06 0,7,Refuting,0 -0.01 0 0 -0.04 0.05 0 0.07 -0.02 -0.03 0 -0.07 0.03 0.06 0,8 9,NA124
"Coronavirus newest information: toothpaste is helping save you an infection, says dental professional",toothpaste,81,No Stance,0 0 0.01 0 0.01 0.0 0 0 0 0 0.04 0.05 0,16,Supporting,-0.02 0 0.01 0 0.01 -0.04 -0.07 -0.02 0 0 0.04 0.05 -0.05,3 4,1318050029769314304
"So COVID-19 is also a vascular disease, which causes strokes and blood clotting, and symptoms like Covid toes. Looks like aspirin might be a good treatment option to prevent blood clotting/ as an antiviral. Helps to know the beast you are fighting.",aspirin,56,No Stance,0.04 0 0 0 0 0.02 0 0 0 0 0 0 0 0 0 0 0 0 0 0 0 0 0 0 0 0 0 0 0 0 0 0.02 0 0 0 0 0 0.02 0.02 0 0 0,41,Supporting,0.04 0 0 0 0 0.02 0 0 0 0 0 0 0 0 0 0 0 -0.05 0 0 -0.09 0 0 0 -0.06 -0.04 0 0 0 0 0 0.02 0 -0.05 0 0 0 0.02 0.02 0 0 0,20 21,1271098736295333888
@fox12oregon @AP aspirin can stop blood clots! Anyone who has taken the Covid-19 vaccination should take a 75 mil A,aspirin,50,No Stance,0.0 0 0 0 0 0.01 0 0 0 0 0 0.01 0.03 0 0 0 0 0.01 0 0,43,Supporting,-0.05 0 -0.07 -0.04 -0.05 0.01 -0.05 0 0 0 0 0.01 0.03 0 0 0 0 0.01 0 0,2 3,1382693356287967233
no one asked but heres a tip if u get covid: take aspirin every day &amp; make sure to move at least every 15-30 minut,aspirin,60,No Stance,0 0 0.02 0 0 0.02 0 0 0 0 0 0 0.05 0 0 0 0 0 0 0.02 0 0 0.02 0 0,29,Supporting,0 0 0.02 0 -0.02 0.02 0 0 0 0 0 -0.09 0.05 -0.03 -0.04 0 0 0 0 0.02 0 0 0.02 -0.03 0,12 13,1344500339563614208
RT @3NTHALPY: ... many saw or directly got communicated to them by me my report of niacin as #COVID19 cure/prophylaxis back in March/April.,niacin,95,No Stance,0 0 0 0 0 0 0 0 0 0 0 0 0 0 0 0.06 0.01 0.02 0.01 0 0 0.02 0,4,Supporting,0 0 0 0 0 0 0 0 0 0 0 0 -0.02 -0.02 0 0.06 -0.02 0.02 0.01 -0.02 0 0.02 -0.06,16 17,1325681627427696640
@joltdude @ niacin IsHealth He did not sell anything to me. Niacin really does prevent and cure Covid. Ive had one f,niacin,75,No Stance,0 0.06 0 0 0.02 0 0 0 0 0.01 0 0 0 0 0 0 0 0.01 0 0 0.01 0,19,Supporting,0 0.06 -0.05 -0.03 0.02 0 0 0 0 0.01 0 -0.02 0 0 -0.04 -0.02 0 0.01 0 0 0.01 0,2 3,1380354009727373313
thc kan mortaliteit voorkomen bij acuut ademhalingsnoodsyndroom door COVID-19 THC may prevent mortality from acute respiratory distress syndrome in COVID-19 #pgmcg,thc,86,No Stance,0.03 0 0.02 0 0 0 0 0 0.01 0 0 0 0 0 0 0 0 0 0.02 0.01 0,10,Supporting,0.03 0 0.02 0 0 0 0 0 0.01 -0.02 0 -0.04 -0.01 0 0 -0.02 -0.02 0 0.02 0.01 0,0 1,NA145
"thc May Help Treat COVID-Induced Acute Respiratory Distress Syndrome In Mice, Researchers Say #cannabiscommunity",thc,65,No Stance,0 0 0 0 0 0 0 0 0.03 0.03 0.05 0 0 0,34,Supporting,-0.07 0 -0.05 -0.09 0 0 -0.09 0 0.03 0.03 0.05 0 0 -0.07,0 1,1347851479529488387
Everyone needs to use thc or just smoke weed or use the safe version CBD to cure them selfs against anytype of ill or sickness like corona or the flu. #fgc #COVID19 #COVID19 #Corona #coronavirusNederland #coronavirus #mk11 #NRS #dbfz,thc,64,No Stance,0 0 0 0 0.05 0.06 0 0 0 0.02 0 0 0 0 0 0 0 0 0 0 0 0 0 0 0 0 0 0 0 0 0.04 0 0 0 0 0 0.03 0 0,33,Supporting,-0.09 -0.08 -0.06 -0.11 0.05 0.06 0 0 0 0.02 0 0 -0.04 0 0 0 0 0 0 0 0 0 0 0 0 0 0 0 0 0 0.04 0 0 0 0 0 0.03 0 0,4 5,NA147
"Researchers Say thc From Cannabis May Treat ARDS, According To Study On Mice - Forbes they suggest THC may actually be able to prevent Covid-19 from escalating into a fatal condition",thc,88,No Stance,0.01 0.01 0 0.01 0 0 0 0 0 0 0 0 0 0 0 0.01 0 0 0 0 0 0 0 0 0 0 0 0.01 0 0 0,12,Supporting,0.01 0.01 0 0.01 0 0 -0.04 -0.02 0 0 0 0 0 0 0 0.01 0 0 0 0 0 -0.02 0 -0.03 -0.03 0 0 0.01 0 0 0,2 3,NA148
"I wouldn't touch meth but we can infer if thc counteracts meth toxicity, it'll do something good against coronavirus. It's an expectorant & antioxidant, the stuff they call ""too potent"" is the coronavirus cure. Done just right 3rips3x daily super no pesticide no polonium",thc,98,No Stance,0 0 0 0.02 0.01 0 0 0.01 0.03 0 0 0 0 0 0 0 0 0 0 0 0 0 0 0 0 0 0 0 0 0 0 0 0 0 0 0 0.02 0 0 0 0 0 0 0,1,Supporting,0 0 0 0.02 0.01 0 0 0.01 0.03 0 0 0 0 -0.0 0 0 0 0 -0.01 0 0 0 0 0 0 0 0 0 0 0 0 0 0 -0.0 -0.01 0 0.02 0 -0.01 0 0 0 0 0,9 10,1284590931413479432
"RT @hankukkim: #USPolitics #2020Election #COVID19 #COVID19 #CannabisNews #LegalizeMarijuana #UnMaskAmerica thc , a cannabinoid in cannabis,",thc,86,No Stance,0.05 0 0 0 0 0 0 0 0 0.04 0.04 0.04 0 0.06 0,10,Supporting,0.05 -0.02 0 0 0 0 -0.02 -0.03 -0.07 0.04 0.04 0.04 -0.05 0.06 0,9 10,1338385388457619456
"thc In Cannabis Could Help Prevent Fatal COVID-19 Complications 'In the study, which was performed on mice, researchers found that THC could prevent the harmful immune response that causes Acute Respiratory Distress Syndrome and its enterotoxin, SEB.'",thc,84,No Stance,0 0 0 0 0 0 0 0 0 0 0.01 0 0.01 0.01 0.02 0 0 0 0 0 0 0 0 0 0 0 0 0 0 0.01 0 0 0 0 0 0 0,15,Supporting,0 0 0 -0.02 -0.02 -0.03 0 -0.05 0 0 0.01 0 0.01 0.01 0.02 0 0 0 0 0 0 0 -0.01 0 0 0 0 0 0 0.01 0 0 0 0 0 0 0,0 1,NA151
"""Researchers Say # thc From #Cannabis May Prevent Covid-19 Deaths"" ""Researchers say THC In #marijuana could prevent death from COVID-19""",thc,84,No Stance,0.02 0 0 0 0.02 0 0 0 0 0 0.04 0 0.01 0 0 0 0 0 0.01 0,15,Supporting,0.02 0 -0.05 0 0.02 -0.06 0 -0.06 -0.05 0 0.04 0 0.01 0 0 0 0 0 0.01 -0.03,3 4,NA152
Studies show: thc completely prevents &amp; heals a major cause of death in COVID-19: ARDS +THC &amp; CBD prevent &amp; heal COVID-19. The 12 LICENCED medicinal cannabis farms worldwide I've got ready to grow the VEGANIC strain to cure all. Can also all grow the perfect strain for COVID-19.,thc,49,No Stance,0 0 0 0 0 0 0 0 0 0 0.01 0.01 0 0 0 0 0 0 0 0.02 0 0 0.02 0 0 0 0 0 0 0 0 0 0 0 0 0 0 0 0 0 0 0 0 0 0 0 0 0 0,49,Supporting,-0.05 0 0 0 -0.05 -0.04 0 0 0 0 0.01 0.01 0 0 0 -0.04 0 0 0 0.02 0 -0.04 0.02 0 0 0 0 0 0 0 0 0 0 0 0 0 0 0 0 0 0 0 0 0 0 0 0 0 0,2 3,NA153
RT @JeanLucPicard3: @MichaelYeadon3 @DesmondSwayne I gave doxycycline to a friend of mine who contracted Covid who has asthma. She took it,doxycycline,71,No Stance,0 0.02 0 0 0 0 0 0.01 0 0 0 0 0 0 0.03 0 0 0 0 0 0,28,Supporting,0 0.02 0 0 0 0 -0.06 0.01 0 -0.03 0 0 0 0 0.03 0 0 -0.04 0 -0.05 -0.04,6 7,1344984355622498305
I sincerely hope you're not being suckered in to this whole Covid 19 plandemic. My personal experience as a middle aged healthy make is doxcycline cure me in two days and I honestly believe that others speak of cures as well. I really want you to hear from more people,doxycycline,90,No Stance,0 0 0 0 0 0 0 0 0 0 0 0 0 0 0 0 0 0.02 0.02 0 0 0 0.01 0.02 0.03 0 0 0 0 0 0 0 0 0 0 0 0 0 0 0 0 0 0 0 0 0 0 0 0 0,5,Supporting,0 0 0 0 0 0 0 0 0 0 0 -0.01 0 0 0 0 0 0.02 0.02 0 0 -0.01 0.01 0.02 0.03 -0.01 0 0 0 0 0 0 0 0 0 -0.01 0 0 -0.01 0 0 0 0 0 0 0 0 0 0 0,24 25,1291801995213508612
"@NYGovCuomo @MTA COVID-19 is outpatient treatable if you get prescribed Ivermectin, doxycycline , Budesonide immedia",doxycycline,73,No Stance,0 0.01 0 0 0 0 0 0 0 0.03 0.07 0 0.01 0 0.05,27,Supporting,-0.11 0.01 -0.08 0 0 -0.18 -0.05 0 0 0.03 0.07 -0.12 0.01 0 0.05,11 12,1394189353778401282
"drugs. If doxycycline or other currently available drugs are shown effective in reducing morbidity and mortality in covid-19, knowledge of effective treatment would significantly reduce stress in the population about getting covid-19. Early treatment may prevent severe disease,",doxycycline,96,No Stance,0 0.05 0.03 0.01 0 0 0 0 0.01 0 0 0 0 0 0 0 0 0 0 0 0 0 0 0 0 0 0 0 0 0 0 0 0 0 0.02 0 0 0,4,Supporting,-0.02 0.05 0.03 0.01 0 0 -0.02 0 0.01 0 -0.02 0 -0.02 -0.02 0 0 0 0 0 0 0 0 0 0 0 0 0 0 0 0 0 0 0 0 0.02 0 0 0,2 3,1258440132903895042
#Ivermectin + doxycycline = Corona Virus Cure in 4 days,doxycycline,73,No Stance,0 0 0.0 0.07 0 0.0 0 0 0 0,27,Supporting,-0.08 0 0.0 0.07 0 0.0 -0.11 -0.1 -0.08 -0.08,2 3,1263468454033739776
"@KremlinRussia_E Greetings from a fan of El Salvador. Excuse me, I heard that Suplement of zinc could help to prevent Covid 19 because it could bloque the reproduction of the virus inside human cells and is scientifically proven. Isn't nice?",zinc,54,No Stance,0 0 0 0 0 0.02 0 0 0 0 0 0.02 0 0 0.02 0 0 0 0 0 0 0 0 0 0.02 0.02 0 0 0 0 0 0 0 0 0 0 0 0 0 0,45,Supporting,0 0 0 0 0 0.02 0 0 0 0 0 0.02 0 0 0.02 0 0 -0.03 0 -0.07 -0.04 0 0 0 0.02 0.02 0 0 0 0 0 0 0 0 0 0 -0.05 -0.06 0 0,15 16,1247389689570525184
zinc to help prevent or alleviate Covid. Of course one substance isn't enough. You are supposed to take a balance o,zinc,55,No Stance,0 0 0 0 0.01 0 0 0.02 0 0.01 0 0.01 0 0 0 0 0 0 0 0.02 0,26,Supporting,0 -0.05 -0.08 -0.09 0.01 0 0 0.02 0 0.01 0 0.01 -0.05 0 0 0 0 -0.04 0 0.02 0,0 1,1479969294209679360
The car was steaming to prevent covid 19 and sat on a hot plate,steaming,55,No Stance,0.01 0.0 0 0 0 0 0.07 0 0 0 0.02 0.01 0 0,38,Supporting,0.01 0.0 0 0 -0.08 -0.11 0.07 -0.04 -0.03 0 0.02 0.01 0 -0.04,3 4,1344384133343154187
"It's been two weeks since I tested positive for Covid. I've been self treating at home, isolating steaming you name",steaming,49,No Stance,0.01 0 0 0 0 0.01 0 0 0 0.05 0.02 0 0 0 0 0 0 0 0 0,48,Supporting,0.01 0 -0.03 -0.04 0 0.01 0 0 0 0.05 0.02 0 0 -0.04 0 0 -0.07 0 0 -0.03,17 18,1376995219091120139
RT @JanseKristine: betadin e for Covid.,betadin,95,No Stance,0.06 0 0.04 0.04 0.02 0,2,Supporting,0.06 -0.01 0.04 0.04 -0.03 -0.06,2 3,1437545789803405316
"What is wrong with people? This can't be real. betadin e will kill COVID, along with you. #GetVaccinated",betadin,64,Refuting,0 0 0 0 0.08 0 0 0 0 0 0 0.12 0.13 0 0.06 0 0 0.09,27,Supporting,0 0 0 0 0.08 0 0 -0.01 0 0 0 0.12 -0.02 -0.01 0.06 0 -0.01 -0.01,9 10,1437495820174041089
How to Prevent Covid from entering your system? 1. Gurgle daily with betadin e 2. Gurgle with salt 3. Take vapour at,betadin,60,No Stance,0 0.02 0 0 0 0 0 0 0.03 0 0 0 0.05 0.07 0.02 0 0 0 0 0 0 0,31,Supporting,0 0.02 0 0 0 0 0 0 0.03 0 -0.09 -0.16 0.05 0.07 0.02 -0.02 0 0 0 0 -0.03 -0.06,12 13,1391588340151975937
RT @Kimba77288055: betadin e will fix Covid now,betadin,50,No Stance,0.04 0 0.06 0.0 0 0 0 0.01,31,Supporting,0.04 -0.05 0.06 0.0 -0.07 -0.07 -0.01 -0.06,2 3,1348568642456219648
betadin e gargle = Anti-Vaxxers Are Now Gargling Iodine to Prevent Covid-19 via @RollingStone,betadin,55,No Stance,0 0.03 0 0 0 0.06 0 0.06 0.04 0.08 0 0 0 0,41,Refuting,0 0.03 -0.08 -0.08 -0.35 0.06 0 0.06 0.04 0.08 -0.05 0 0 -0.14,0 1,1438331648215379968
The miracle Covid19 cure is now drinking betadin e.,betadin,50,Refuting,0.02 0.04 0 0.06 0 0 0.11 0 0.05,49,No Stance,0.02 0.04 -0.03 0.06 -0.03 -0.01 0.11 -0.08 0.05,7 8,1437500513441001474
"@POTUS HAVE YOU SEEN THIS STORY? COVID-19 NEW Cure: Gargling betadin e Kills 99.9% of Coronavirus in 30 Seconds, Says Study @seanhannity @TuckerCarlson @GOPLeader",betadin,88,No Stance,0 0.04 0 0 0 0.05 0.06 0 0 0 0 0 0 0 0 0 0.03 0 0 0 0.04 0 0 0,7,Supporting,0 0.04 0 -0.01 0 0.05 -0.02 0 0 0 0 0 0 -0.03 0 -0.03 0.03 0 0 0 0.04 0 -0.01 0,10 11,1291070046601609223
@Alexei_ruus @mansikoul Gaumtr can cure corona,gomutra,49,No Stance,0.0 0 0 0.05 0 0.06,40,Supporting,-0.0 -0.05 0 -0.06 0 -0.0,2 3,1424343054509477897
"Its astonishing fact that gomutra can cure most of the dangerous diseases like cancer, Coronavirus etc but still people ( Bhakts) not believing it Dont know if it can solve financial problems also...",gomutra,62,No Stance,0 0 0 0 0 0 0 0 0 0 0 0.02 0 0 0 0 0 0 0 0 0 0.03 0 0 0 0.02 0.05 0 0 0 0 0 0,33,Supporting,0 0 -0.04 0 0 -0.03 -0.07 -0.04 0 0 0 0.02 0 0 0 0 0 0 0 0 0 -0.04 0 0 0 0.02 0.05 0 0 0 0 0 0,4 5,NA208
"yes, # gomutra is the ultimate medicine from the divine #GauMata. Dir, do you have no trust in the power of Gaumata to cure Corona ?",gomutra,59,No Stance,0 0 0 0 0 0 0 0 0 0 0.02 0.03 0 0 0 0 0 0.02 0.02 0 0 0 0.02 0 0 0,36,Supporting,-0.07 -0.06 -0.03 0 0 -0.03 -0.09 0 0 0 0.02 0.03 0 0 0 0 0 0.02 0.02 0 0 0 0.02 0 0 0,2 3,NA210
@TheWeekLive Yogiji knows that gomutra can cure COVID. How will you get Gomutra if the cows get Covid and their ki,gomutra,66,No Stance,0 0 0 0 0 0 0 0 0 0 0 0 0.02 0.02 0 0.03 0 0.01 0.01 0 0,25,Supporting,0 0 -0.09 -0.06 -0.06 -0.06 -0.05 0 0 0 0 0 0.02 0.02 0 0.03 0 0.01 0.01 0 0,4 5,1390013811399159808
We also have gomutra specially packed to cure Corona by Patanjali pharma.,gomutra,64,No Stance,0.11 0 0 0 0 0.08 0.05 0 0 0 0 0,28,Refuting,0.11 -0.07 -0.04 0 0 0.08 0.05 -0.08 -0.05 0 -0.04 0,3 4,1343765203821813760
Trading ideas. Buy gomutra in bulk as it's giving cure for Corona .,gomutra,60,No Stance,0.08 0.02 0 0 0.02 0.04 0.03 0 0 0 0 0 0,21,Refuting,0.08 0.02 0 -0.14 0.02 -0.02 -0.01 0 0 0 0 -0.02 -0.04,3 4,NA214
RT @ToesUnique: Important message about deaths in covid infected being caused by black fungus and use of ozone to prevent it.,ozone,54,No Stance,0 0.05 0 0 0.03 0.03 0 0.04 0 0 0 0 0 0 0 0 0 0 0.06 0 0,45,Supporting,0 0.05 -0.08 0 0.03 0.03 0 0.04 0 0 0 0 0 0 0 -0.14 0 -0.04 0.06 -0.15 -0.17,17 18,1392838476639313927
ozone is the cure for corona...,ozone,56,No Stance,0 0 0 0 0.04 0.01,30,Supporting,-0.03 -0.03 -0.06 -0.15 0.04 0.01,0 1,1274031843113926657
ozone Is Going To Cure Corona #OzoneTheStandard,ozone,71,No Stance,0 0.02 0 0 0 0 0.06,20,Supporting,-0.04 0.02 0 -0.06 -0.07 -0.01 -0.02,0 1,1323694677904805890
COVID-19 Pandemic Reveals Devastating Impacts of Tory Austerity on N.H.S. Read ozone as alternative means to cure CV :,ozone,56,No Stance,0.03 0.0 0.01 0 0 0 0 0 0 0 0 0 0 0 0 0.01 0 0 0.0,36,Supporting,-0.02 0.0 0.01 0 0 0 0 -0.02 0 -0.03 -0.04 0 0 0 0 0.01 -0.02 0 0.0,11 12,NA225
"Dear @narendramodi we are hearing from many medical exprts about gargels as a preventive measure against COvid 19. If u can apppeal our citizens and present gargels in a charasmatic way just like u do with every thing, I think it can prevent upcoming covid cases upto some extent.",gargels,65,No Stance,0.05 0 0 0 0 0 0 0 0 0 0 0 0 0 0 0 0 0 0 0 0 0 0.03 0 0 0.02 0 0.02 0.02 0 0 0 0 0 0 0 0 0 0 0 0 0 0 0 0 0 0 0 0,34,Supporting,0.05 0 0 0 0 0 0 0 -0.05 0 0 0 0 -0.09 -0.04 -0.04 -0.06 0 0 0 0 0 0.03 0 0 0.02 0 0.02 0.02 0 0 0 0 0 0 0 0 0 0 0 0 0 0 0 0 0 0 0 0,10 11,1258783534732337153
Camel Urine <cp_end>: Islams Best Cure for Coronavirus via @RaptureForums,camelurine,55,No Stance,0 0 0.03 0 0 0 0.01 0 0.07 0.0,39,Refuting,-0.11 -0.14 -0.11 -0.12 0 0 0.01 -0.08 0.07 0.0,0,NA235
@khanumarfa Camel urine can cure Covid..,camelurine,70,No Stance,0 0 0 0.02 0 0,19,Refuting,0 -0.08 -0.08 0.02 -0.06 -0.03,1 3,1414055093696040960
"Drinking Camel Urine for Coronavirus Islams best cure May 4, 2020 Raymond Ibrahim",camelurine,58,No Stance,0 0 0 0 0 0 0 0 0.04 0 0.01 0.03 0,22,Supporting,-0.06 -0.07 0 0 0 0 -0.12 -0.11 0.04 0 -0.04 0.03 0,1 3,1257349276889501702
@khanumarfa Camel urine can cure covid now drink . Camel urine can cure covid now drink . Camel urine can cure covi,camelurine,63,No Stance,0 0 0 0 0 0.01 0.01 0 0.03 0 0 0 0 0 0.01 0 0.02 0 0 0 0 0,31,Supporting,0 -0.11 -0.06 0 -0.04 0.01 0.01 0 0.03 0 0 0 0 0 0.01 0 0.02 -0.05 0 0 0 -0.03,1 3,1413853936868495363
@ReallySwara Camel urine may cure Covid . You may try camel harm in trying.,camelurine,63,No Stance,0 0 0 0.0 0 0.04 0.0 0 0.01 0 0.0 0 0 0,33,Supporting,0 -0.06 0 0.0 -0.08 0.04 0.0 0 0.01 -0.04 0.0 0 -0.08 -0.08,1 3,1394607858147381257
"I can think of some beneficial side-effects, too. Study Finds cannabinoids Prevent COVID-19 Infection",cannabinoids,68,No Stance,0 0.02 0.02 0.03 0.03 0 0 0 0 0 0 0 0 0.02,31,Supporting,0 0.02 0.02 0.03 0.03 0 0 -0.04 -0.07 0 -0.11 -0.1 -0.05 0.02,10 11,1481628721257738240
RT @MimiTexasAngel: RIP ~ May you have enough # cannabinoids to eat for Immunity to survive #COVID19 #MedicareForAll Eat #Cannabis as meat G,cannabinoids,68,No Stance,0 0 0.01 0 0.05 0 0 0 0 0 0.05 0 0 0 0 0 0.02 0 0 0 0.02 0 0,20,Supporting,0 0 0.01 0 0.05 0 0 0 -0.03 -0.07 0.05 0 0 -0.05 0 0 0.02 -0.04 0 -0.03 0.02 0 0,9 10,1349749815073267712
RT @420Broadcast: New Science Continues to Suggest Use of cannabinoids to Prevent COVID-19 Infection - Largest Global Maker of Raw CBGa and,cannabinoids,72,No Stance,0 0.02 0 0 0 0 0 0 0.03 0 0.05 0 0 0 0 0 0 0 0.02 0.04 0 0,28,Supporting,-0.03 0.02 0 -0.04 0 0 0 -0.07 0.03 0 0.05 -0.08 0 -0.04 0 0 0 0 0.02 0.04 0 0,9 10,1486341725635244033
"@business #CannabisCommunity #CovidVaccine #Covid #COVID19 #CannabisNews #CannabisLegal "" cannabinoids , isolated or",cannabinoids,90,No Stance,0 0.04 0 0 0 0 0 0.04 0 0.05 0.05 0.09,7,Supporting,-0.01 0.04 -0.04 0 -0.03 -0.03 0 0.04 -0.05 0.05 0.05 0.09,8 9,1481100874734870528
"RT @hvipda: @johnwuux A new study shows that Cannabinoid can prevent the covid virus from entering the cell, thus acting a bit like the vac",cannabinoids,79,No Stance,0 0.02 0 0 0 0 0.01 0 0 0 0 0 0 0 0 0 0 0 0.01 0.02 0 0 0 0.01 0,20,Supporting,0 0.02 0 0 0 0 0.01 0 -0.06 0 -0.05 0 0 -0.04 0 -0.05 0 -0.04 0.01 0.02 0 0 0 0.01 0,8 9,1481498101982576641
coffee is the best cure for this social distancing!! #coffee #covid19,coffee,51,No Stance,0 0 0 0 0 0.04 0.06 0.06 0 0.03 0.02,44,Supporting,-0.04 0 -0.04 -0.13 -0.15 0.04 0.06 0.06 -0.06 0.03 0.02,0 1,NA252
Stay woke people!! coffee can potentially be the cure to the Corona virus #justsayin #cafecito #coffeeaddict #staywoke,coffee,61,No Stance,0 0.03 0 0 0.01 0 0.08 0.01 0 0 0 0.08 0 0 0 0 0,34,Supporting,0 0.03 -0.11 -0.06 0.01 -0.05 0.08 0.01 -0.17 0 0 0.08 0 0 0 -0.05 0,3 4,NA254
"I have been drinking coffee and have not gotten the coronavirus yet. Hence, Coffee prevents coronavirus? :)",coffee,49,No Stance,0 0 0 0 0 0.01 0 0 0 0 0 0.02 0 0.0 0 0.01 0.03,41,Supporting,0 0 -0.05 0 -0.06 0.01 0 -0.06 -0.04 0 -0.08 0.02 0 0.0 0 0.01 0.03,4 5,1248635282615726080
I drink coffee every day and I dont have Covid-19. Coffee is the Covid-19 miracle cure!,coffee,60,No Stance,0.04 0 0.04 0 0 0 0.02 0 0 0 0 0.02 0 0.04 0 0,24,Supporting,0.04 -0.06 -0.05 0 -0.05 0 0.02 -0.05 0 -0.09 0 0.02 0 0.04 0 0,2 3,NA257
"Turns out I was right, but obviously, none of these things are the secret coronavirus cure or any other disease's cure. coffee has antiviral properties in lab tests. | Cocoa has anti-influenza properties:",coffee,62,No Stance,0 0 0 0 0 0.01 0 0 0 0 0 0 0 0 0.01 0 0 0 0 0 0 0 0 0 0 0.01 0.06 0.03 0 0 0 0 0,31,Refuting,0 0 0 0 -0.04 0.01 0 -0.08 -0.05 0 0 0 0 0 0.01 0 0 -0.05 0 0 0 0 -0.03 0 0 0.01 0.06 0.03 0 0 0 0 0,21 22,NA260
The best cure for corona virus? coffee,coffee,59,No Stance,0 0 0 0.01 0.05 0 0.03,37,Supporting,-0.02 -0.14 -0.15 -0.02 0.05 -0.1 0.03,6 7,1486033092741632001
"Fraudci was recommending hcl 15 years for coronavirus. And btw, how is trying to give a cure and a preventative that is safe, cheap and effective anything but a gift to people globally? HCL used for decades. But hey, you call it fuckery because you have delusions of leftism.",hcl,78,No Stance,0 0 0 0.02 0 0 0 0 0 0 0 0 0 0 0 0 0 0.02 0 0 0 0 0 0 0 0 0 0 0 0 0 0 0 0.03 0 0 0 0 0 0 0 0 0 0 0 0 0 0 0,17,Supporting,0 0 0 -0.03 0 0 0 0 0 0 0 0 0 0 0 0 0 0.02 0 -0.04 0 0 -0.04 -0.03 -0.03 0 0 0 0 0 0 0 0 0.03 0 0 0 0 0 0 0 0 0 0 0 0 0 0 0,3 4,1288327261251231745
If youre wondering this is hcl .. the drug the left said didnt cure covid,hcl,77,No Stance,0.02 0 0.03 0 0.04 0 0 0 0 0.02 0 0 0 0 0.07,19,Supporting,0.02 0 0.03 0 0.04 -0.03 -0.03 -0.02 -0.02 0.02 0 -0.02 0 0 0.07,5 6,1393636215518343173
He also mentioned that sun can help cure Coronavirus. Why are you leaving the good news? #COVID19 #coronavirus #TrumpPressBriefing,sun,76,No Stance,0.02 0 0.04 0 0 0 0 0 0 0 0 0.03 0.02 0 0.01 0 0 0 0,22,Supporting,0.02 0 0.04 0 0 -0.02 -0.02 0 0 0 0 -0.01 -0.01 0 -0.02 0 0 0 0,4 5,NA272
"The tent is for elderly people, I'll rather stand in sun , its good to prevent Corona as well.",sun,66,No Stance,0.04 0.02 0.01 0 0 0 0.03 0 0 0 0 0 0 0 0.02 0 0 0 0,21,Supporting,0.04 0.02 0.01 -0.02 0 -0.03 0.03 0 0 0 0 0 0 -0.01 0.02 -0.05 0 0 -0.09,10 11,1247653243703918594
Why is it a bizarre advice? We all know sun is natural disinfectant and source of vitamin. It cannot cure Corona but at least it will boast your immunity and can make you healthier to fight any disease.,sun,50,No Stance,0 0 0.02 0 0 0 0.02 0 0 0 0 0 0 0 0 0 0 0 0 0 0 0.03 0 0.02 0 0 0 0 0 0 0 0 0 0 0 0.02 0 0,37,Supporting,0 0 0.02 0 0 0 0.02 0 0 0 0 -0.03 -0.02 0 0 0 -0.02 0 0 0 0 0.03 0 0.02 -0.02 0 0 0 -0.04 0 0 0 0 0 0 0.02 0 0,9 10,NA274
"Good morning Sir, the cure for the coronavirus is sun . it may sound somehow, but it is the real CURE. Cornavirus patient should be expose to direct sunlight for 12 to 24 hours, and after that a test should be carried out on that patient which will result to negative.",sun,46,No Stance,0 0 0 0 0 0 0 0 0 0 0 0 0 0 0 0 0 0 0 0 0 0 0.01 0 0 0 0 0 0 0 0 0 0 0 0.02 0 0 0 0.02 0 0.02 0.03 0 0 0 0 0 0 0 0 0,44,Supporting,0 0 0 0 -0.05 -0.03 0 -0.05 -0.06 -0.04 0 0 0 0 0 0 0 0 0 0 0 0 0.01 0 0 0 0 0 0 0 0 0 0 0 0.02 0 0 0 0.02 0 0.02 0.03 0 0 0 0 0 0 0 0 0,9 10,NA276
"@insomnochick Be sure to get sun every day, it helped me when I had covid. I also drank SF Gatorade (I only really",sun,57,No Stance,0.02 0 0 0 0 0 0 0 0 0 0 0 0 0 0 0 0 0 0.01 0 0.02 0 0,40,Supporting,0.02 0 -0.06 0 -0.09 0 0 -0.05 0 -0.06 0 0 0 0 0 0 0 0 0.01 -0.04 0.02 0 0,5 6,1466819234378379269
If sun can kill the #COVID19 then why prevent people from being a help in combatting this virus?,sun,69,No Stance,0 0 0 0 0.02 0 0 0 0.01 0 0 0.01 0.02 0.02 0 0 0 0,17,Supporting,0 0 -0.04 -0.07 0.02 0 0 0 -0.04 0 0 0.01 0.02 0.02 0 0 -0.04 -0.07,1 2,1257796854382821379
@DaveJWilkes Also add benadryl . This should all help prevent long COVID.,benadryl,86,No Stance,0 0.06 0.04 0 0.04 0 0.1 0 0 0 0.02 0,9,Supporting,-0.01 0.06 -0.03 0 0.04 0 0.1 0 -0.06 -0.06 0.02 -0.1,3 4,1500163732307156992
"EWillHelpYou If you contract Covid19, I highly suggest taking benadryl twice a day at the earliest notice. - As it",benadryl,51,No Stance,0 0 0 0.02 0 0 0 0 0 0.02 0 0 0 0.01 0 0 0.01 0 0 0.02,46,Supporting,0 0 0 0.02 0 0 0 -0.05 -0.1 0.02 0 -0.08 -0.08 0.01 0 -0.04 0.01 0 0 0.02,9 10,1440006130495856648
covid is just a really bad cold. you can cure it with a bottle or two of benadryl,benadryl,61,No Stance,0 0 0 0 0 0 0 0 0 0 0 0 0 0 0 0 0 0,20,Supporting,-0.05 0 0 0 0 0 -0.09 0 -0.04 -0.06 0 0 0 0 0 0 0 -0.04,17 18,1476037439575793667
So benadryl may cure Covid COVID-19,benadryl,62,No Stance,0 0.06 0 0 0 0,32,Supporting,-0.09 0.06 -0.1 -0.06 -0.02 0,1 2,1463322257485271045
benadryl may help prevent covid-19,benadryl,58,No Stance,0.08 0 0 0 0,39,Supporting,0.08 -0.11 -0.14 -0.11 -0.07,0 1,1463386984240480261
"antibiotic s can cure the Plague. Cipro and others like it are used. While The Plague is technically more severe and dangerous, you can be treated if caught fast enough. COVID still has no cure. #plague #COVID19 #covid",antibiotic,69,No Stance,0 0 0 0 0 0 0 0 0 0 0 0 0 0 0.03 0 0 0 0 0 0 0 0 0 0.02 0 0 0.02 0 0.02 0 0.03 0 0 0 0 0 0,16,Refuting,0 0 0 -0.03 0 -0.01 0 0 0 -0.01 0 0 0 0 0.03 0 0 0 0 0 0 -0.01 0 0 0.02 -0.01 0 0.02 0 0.02 0 0.03 0 0 0 0 0 0,0 1,1283645906655436801
Yeah Corona is like antibiotic to prevent the infection called humans,antibiotic,77,No Stance,0 0 0 0.03 0 0 0 0.01 0 0 0.02,22,Supporting,0 -0.03 0 0.03 0 -0.04 -0.12 0.01 -0.09 -0.07 0.02,4 5,1247175084470665218
"i got covid 12 days ago, luckily its variant was the weakest and it became even weaker because i got antibiotic s a",antibiotic,86,No Stance,0 0 0.02 0 0 0 0 0.01 0.02 0.01 0 0 0 0 0.02 0 0 0 0 0 0 0 0,12,Supporting,0 0 0.02 0 -0.01 -0.01 0 0.01 0.02 0.01 0 0 0 -0.01 0.02 0 -0.01 0 0 0 -0.01 0 0,20 21,1456230497156222976
"just go to the doc, ask for antibiotic s. if you feel worse its covid if you feel better boom problem solved lol",antibiotic,81,No Stance,0 0 0 0 0.03 0 0.01 0 0 0 0 0 0 0 0.02 0.02 0 0.01 0 0 0 0 0,15,Supporting,0 -0.02 -0.01 0 0.03 -0.02 0.01 -0.01 0 0 0 -0.01 0 0 0.02 0.02 0 0.01 0 0 0 0 0,7 8,1474431725119934488
"intha corona 14 days ku apram tha seriousness aagum ... Starting stage la normal fever, cold mathiri tha irukkum so precaution ah antibiotic s yeduthu prevent Pannalam First aid kit mathiri... #Master",antibiotic,83,No Stance,0 0 0 0 0 0 0 0 0 0 0.02 0.03 0 0 0 0 0 0.02 0 0 0 0 0 0 0 0 0 0.03 0.03 0 0 0,15,Supporting,0 -0.02 0 0 0 0 0 0 0 0 0.02 0.03 0 0 0 0 0 0.02 0 -0.02 -0.19 0 -0.06 0 0 -0.02 0 0.03 0.03 0 0 0,22 23,1241736054144528384
Women in uk said viagra saved her from going on ventilator in hospital for covid may not be cure but keep an open mind,viagra,84,No Stance,0 0 0 0 0 0 0 0 0 0 0 0.02 0 0.02 0.02 0.01 0 0.01 0 0 0 0 0 0,12,Supporting,0 -0.02 0 0 0 -0.04 -0.03 0 -0.02 0 -0.03 0.02 0 0.02 0.02 0.01 0 0.01 0 0 0 0 0 0,4 5,1482019431450648581
So viagra might cure Covid. It will be hard for the vaccine industry to deal with the stiff competition. The,viagra,71,No Stance,0 0.04 0 0 0.02 0 0 0.03 0 0 0 0 0 0.01 0 0 0 0 0 0.02,28,Supporting,-0.05 0.04 0 -0.09 0.02 0 0 0.03 -0.03 0 0 -0.04 0 0.01 0 0 0 0 -0.04 0.02,1 2,1479953100488151040
@RRalstonAgile @ReportsDaNews viagra has medical uses for the treatment of covid effects on heart and lung function,viagra,63,No Stance,0 0 0 0.01 0 0 0 0 0 0 0.04 0 0 0.01 0.01 0 0.01,34,Supporting,0 -0.06 0 0.01 0 -0.02 0 0 -0.05 0 -0.02 0 0 0.01 0.01 -0.02 0.01,2 3,1479990896439398400
Linda Entzminger Colling Cooper 2h viagra will prevent cOvid from killing you by increasing nitric oxide COvid,viagra,82,No Stance,0 0 0 0.03 0.01 0.05 0 0 0 0 0.01 0 0 0 0 0 0.02,12,Supporting,0 0 0 0.03 0.01 0.05 0 -0.03 -0.01 -0.02 0.01 0 -0.02 0 -0.03 0 0.02,5 6,1479677795567607809
@washingtonpost Why viagra is not ordered to cure covid patient?,viagra,75,No Stance,0.0 0.03 0 0.0 0 0 0 0 0.04 0,25,Supporting,0.0 -0.03 -0.03 0.0 -0.05 0 0 -0.04 0.04 -0.08,2 3,1433005849832607754
IMRAN KHAN should take viagra to Cure Corona,viagra,78,No Stance,0 0.0 0.04 0 0.13 0.05 0 0.02,14,Refuting,-0.03 0.0 0.04 -0.08 0.13 -0.01 -0.06 0.02,4 5,NA305
@spectatorindex Pfizer to Cleveland Clinic .... viagra can now cure corona,viagra,82,No Stance,0 0.0 0.05 0 0 0 0.05 0 0 0 0.07,18,Supporting,0 -0.04 0.05 0 -0.04 -0.07 0.05 -0.06 -0.03 0 0.07,6 7,1468076837280501760
"@SKMorefield Whatever, Vietnamese Americans gave us the only known cure for COVID - pho . Pho is the cure.",pho,52,No Stance,0 0 0 0 0 0 0 0 0 0 0.01 0 0 0 0.01 0 0 0 0,35,Supporting,0 0 -0.05 0 0 0 0 0 0 -0.04 0.01 -0.05 -0.07 0 0.01 0 0 0 -0.14,13 14,1374569198563819525
RT @D2sackedup: pho might be the cure to covid,pho,72,No Stance,0.04 0 0.02 0 0.01 0 0 0.01 0.04,18,Supporting,-0.0 0 0.02 -0.05 -0.02 -0.04 -0.11 0.01 0.04,2 3,1480247367534186498
Im pretty sure pho can cure corona virus i mean its cured alot of shit in my life tbh.,pho,80,No Stance,0.0 0 0 0 0 0 0.03 0 0 0.01 0 0 0 0 0 0 0.01 0 0,12,Supporting,0.0 -0.02 0 0 -0.03 -0.03 0.03 0 0 0.01 0 -0.02 0 0 0 0 0.01 0 -0.02,3 4,1243758293820022784
"listen everyone, the cure for the coronavirus is pho !!!! it's a cure-all for everything, i promise",pho,67,No Stance,0 0.01 0.04 0 0 0.0 0 0 0.02 0.0 0 0 0 0 0 0 0,19,Refuting,-0.02 0.01 0.04 0 0 0.0 0 0 0.02 0.0 0 0 -0.06 0 -0.03 -0.05 -0.03,8 9,1251725341204209668
"@JackPosobiec you get street cred for name dropping pho . The Vietnamese cure for the common cold, flu, and covid.",pho,64,No Stance,0 0 0 0.01 0 0.05 0.04 0 0 0 0 0 0 0.01 0 0 0 0 0.01 0,29,Supporting,0 0 0 0.01 0 0.05 -0.04 0 0 0 0 0 -0.07 0.01 0 0 -0.04 -0.05 0.01 -0.04,8 9,1343429436083896322
pho will cure the coronavirus,pho,60,No Stance,0 0 0 0.01 0,26,Supporting,-0.03 -0.08 -0.04 0.01 0,0 1,1234220769623891973
"@victorialiciax @tinawuvsdubz Hangover, nauseous, flu, covid, period, bad work day, pho can really cure everything",pho,79,No Stance,0 0.02 0 0 0 0.05 0.05 0 0.07 0.05 0 0 0 0 0,16,Refuting,-0.01 0.02 0 0 0 0.05 0.05 -0.05 0.07 0.05 0 -0.01 -0.05 -0.08 0,10 11,1424415835955814409
@Kylestr97120842 @Givemeabreak305 @barrymanilow The drinking urine can cure/prevent Covid for one.,urine,63,No Stance,0 0 0.07 0.03 0 0.03 0.02 0 0.08 0 0,37,Refuting,0 -0.11 0.07 0.03 -0.08 -0.06 0.02 -0.06 0.08 0 -0.05,5 6,1487076541599301635
"@PetaIndia You can get urine s from this factory, it will cure corona.",urine,87,No Stance,0.07 0 0.07 0 0.06 0 0 0.04 0.05 0 0 0 0,8,Refuting,0.07 0 0.07 -0.0 0.06 0 0 0.04 -0.01 -0.0 0 -0.05 0,4 5,1399990282121224196
"@ndtv If urine can prevent form Covid 19, beef can surely cure the disease, don't you guys think about that? That's innovation.",urine,57,No Stance,0 0 0 0 0 0 0 0 0.05 0 0 0 0.04 0 0 0.01 0 0 0.02 0.04 0 0,30,Supporting,0 0 0 -0.04 -0.09 0 0 -0.04 0.05 0 -0.03 0 0.04 0 0 0.01 0 0 0.02 0.04 0 -0.09,2 3,1397098500869943306
Drinking urine helps prevent covid,urine,87,No Stance,0.07 0.07 0 0 0.08,7,Refuting,-0.01 0.07 0 0 0.08,1 2,1480754069387894786
@BBCNews l thanks urine so much since its cure coronavirus first and also body booster,urine,75,No Stance,0 0 0 0.03 0 0 0 0.02 0 0.01 0.01 0 0 0.01 0,22,Supporting,0 0 0 0.03 0 0 0 0.02 -0.05 0.01 0.01 -0.02 -0.03 -0.05 -0.06,3 4,1414933230491422729
"In times of #COVID, when it is not possible to find any hand sanitizer, urine will work as an anti-septic cleanser.",urine,78,No Stance,0 0 0 0.04 0.06 0 0 0 0 0.04 0 0 0 0 0.05 0 0 0.03 0 0 0,15,Refuting,0 0 0 0.04 0.06 0 0 0 0 0.04 0 0 0 0 -0.06 -0.05 -0.05 0.03 0 -0.04 -0.03,14 15,1321981358298722307
Hydroxychloroquine and ivermectin are so pass. The best COVID treatment is actually urine .,urine,88,No Stance,0 0.03 0.04 0 0 0 0.01 0 0.05 0 0 0 0.03 0,10,Refuting,-0.03 0.03 0.04 -0.04 0 0 0.01 0 0.05 -0.03 -0.03 -0.04 0.03 0,12 13,1480633000681512975
"It's iqual capable as an exact vaccine to viral attack of deadliest CORONA,it can be applied to the affected/to prevent both staged person,it should be own urine of the same day,amount doesn't matter,Sir my sincere request to you plz. Examine it and apply it to save the universe",urine,83,No Stance,0 0.02 0.02 0.01 0 0 0 0 0 0 0 0 0 0 0 0 0 0 0 0 0 0 0 0 0 0 0 0 0 0.01 0.01 0 0 0 0 0 0 0 0 0 0 0 0 0 0 0 0 0,16,Supporting,0 0.02 0.02 0.01 0 0 -0.01 0 -0.02 0 0 0 0 0 0 0 0 0 0 0 0 0 0 -0.02 -0.03 0 0 0 0 0.01 0.01 0 0 0 0 -0.02 0 0 0 0 0 0 0 0 0 0 0 0,26 27,1239037982717267968
here's a website suggesting taking 10x the daily value of iodine to prevent COVID-19,iodine,94,No Stance,0 0 0 0 0 0.05 0.05 0 0.02 0.13 0 0.03 0 0,5,Supporting,-0.04 0 0 -0.02 0 0.05 0.05 -0.11 0.02 0.13 -0.07 0.03 -0.06 0,10 11,1239962968554475520
"I fell seriously ill with Coronavirus. I started taking iodine (Lugol's solution), rinsing my throat with it and I'",iodine,67,No Stance,0 0 0 0.04 0 0 0 0.01 0 0 0 0 0 0.03 0 0 0 0.02 0.04,27,Supporting,0 0 0 0.04 0 -0.04 -0.04 0.01 -0.05 -0.11 0 0 0 0.03 -0.05 0 0 0.02 0.04,9 10,1484511686723870720
Painting throats with iodine could prevent the advance of Corona virus - arresting the disease in it's infancy - where it takes hold - in the throat! If you are reading this please try to bring it to the attention of a health official. Thank you. Axx,iodine,79,No Stance,0 0 0 0 0 0 0 0 0 0 0 0 0.03 0 0 0 0 0 0 0 0 0 0 0 0 0 0 0 0 0 0 0 0 0 0 0 0.02 0 0.04 0.03 0.03 0 0 0 0 0 0,20,Supporting,0 0 -0.07 0 -0.05 -0.11 0 0 0 -0.04 -0.03 0 0.03 0 0 0 0 0 0 0 0 0 0 0 0 0 0 0 0 0 0 0 0 0 0 0 0.02 0 0.04 0.03 0.03 0 0 0 0 0 0,3 4,1246724585560707072
"@Yogstus @WeAreZeeMusic @LevineJonathan people have been taking iodine for decades, long before covid. it was one o",iodine,79,No Stance,0 0 0 0 0 0 0 0 0 0 0 0.02 0.03 0.02 0.04 0.02 0,12,Supporting,0 -0.01 0 0 0 -0.03 -0.04 -0.02 0 0 0 -0.01 0.03 0.02 0.04 0.02 0,7 8,1448513394928201728
Took iodine ina hospital fulla covid and tested negative,iodine,79,No Stance,0 0 0.01 0 0.03 0.08 0.0 0.02 0,18,Supporting,-0.05 -0.06 0.01 -0.03 0.03 0.08 -0.03 0.02 -0.06,1 2,1509439884553080833
"New cure? If you have the Corona, take lime .",lime,64,No Stance,0 0 0.0 0 0 0.01 0 0 0.07 0,28,Supporting,-0.02 -0.04 0.0 0 -0.04 0.01 0 -0.17 0.07 -0.04,8 9,1264637626822414341
Folks I have found the cure for Corona. lime .,lime,71,No Stance,0 0 0 0 0 0 0.03 0 0.01 0,25,Supporting,-0.02 0 0 -0.04 0 -0.2 0.03 -0.14 0.01 -0.03,8 9,1344835714123407361
#Covid_19 #CoronaCrisis cure for the carona T-Shirt lime makes everything better via @amazon,lime,66,No Stance,0 0.0 0 0 0 0 0 0.07 0.02 0 0 0.05 0.0,23,Supporting,-0.03 0.0 -0.06 0 0 -0.08 -0.07 0.07 0.02 0 -0.08 0.05 0.0,7 8,NA336
"RT @Rentontw: Disinfecting the roads of Shanghai with lime to help prevent covid, this is the way!",lime,41,No Stance,0 0.03 0 0.02 0.04 0 0.02 0 0 0 0 0 0.06 0 0 0 0,30,Refuting,0 -0.03 -0.15 0.02 0.04 -0.04 0.02 -0.11 -0.08 0 0 0 0.06 0 0 0 0,8 9,1517535287055982596
"C U there! Just got a flight to LAX for mad cheaps because of corona (i have the cure, lime ....corona + lime !). Only request is sandstorm, need big beats",lime,87,No Stance,0 0 0 0 0 0 0 0.02 0 0 0 0 0 0.02 0 0 0 0 0 0 0 0 0 0.02 0 0.02 0 0 0.03 0 0,11,Supporting,0 0 0 0 0 0 0 0.02 0 0 0 0 0 0.02 0 0 0 -0.01 -0.03 -0.01 0 -0.02 -0.02 0.02 0 0.02 0 0 0.03 0 0,19 20,NA339
"@alecttrona Also, cigarette s literally cure covid.",cigarette,77,No Stance,0 0.02 0 0.07 0 0 0.03,13,Supporting,0 0.02 0 0.07 -0.07 -0.1 0.03,2 3,1378764033210261509
@abcdentminded cigarette s prevent covid,cigarette,48,No Stance,0.01 0.1 0.06 0 0,39,Supporting,0.01 0.1 0.06 -0.17 -0.09,1 2,1437934634206121984
Smoking a cigarette - a known cure for coronavirus - while also using the mask to ward off the virus. This is an incredible strategy,cigarette,52,No Stance,0 0 0 0 0 0 0 0 0 0.01 0 0 0 0.02 0.01 0.03 0 0 0 0 0 0 0 0 0,41,Supporting,0 -0.05 0 0 0 -0.04 -0.07 0 -0.04 0.01 0 0 0 0.02 0.01 0.03 0 0 0 -0.07 0 0 0 0 0,2 3,NA343
"@tettsumo cigarette s cure covid. Smoked and drank a shit ton during the pandemic, now I'm no doctor but I'd say one",cigarette,66,No Stance,0 0 0 0 0 0.01 0 0 0 0 0 0 0 0 0.03 0 0 0 0 0.02 0.04 0.02,29,Supporting,0 -0.02 0 -0.05 -0.04 -0.02 0 0 0 0 0 0 0 -0.02 0.03 0 0 0 0 0.02 0.04 0.02,1 2,1387876613262618633
"Finally a cure Compounds in hemp block COVID-19 from entering human cells, study says",hemp,65,No Stance,0 0 0 0 0.05 0 0 0 0 0 0 0 0 0,32,Supporting,-0.05 0 0 0 0.05 0 -0.14 -0.1 0 -0.05 -0.06 0 0 0,5 6,1481106974079025152
hemp helps prevent Covid scientific proof,hemp,77,No Stance,0.16 0 0 0.01 0 0,16,Supporting,0.16 -0.19 -0.07 -0.02 -0.07 -0.07,0 1,1482764510263926796
@ASXTreasurehunt hemp can cure covid...easy guess,hemp,90,No Stance,0 0.03 0 0 0.03 0.16,7,Supporting,-0.02 -0.0 -0.07 -0.02 0.03 0.16,1 2,1430329505437011969
soooo looks like hemp PREVENTS covid from entering your cells!!! PREVENTS cuz like all other ways it affects our sy,hemp,50,No Stance,0 0 0 0 0 0 0.02 0 0 0 0.01 0 0.01 0 0.02 0 0.01 0 0 0,46,Supporting,-0.05 -0.06 -0.05 0 -0.11 0 0.02 0 0 -0.07 0.01 0 0.01 0 0.02 0 0.01 0 0 0,3 4,1482029502314127362
RT @robinppate: hemp may be part of the future of #covid prevention and treatment options based on new discoveries by @OregonState. #cbda #,hemp,73,No Stance,0 0 0 0.01 0 0 0 0 0 0 0.01 0 0 0 0.01 0 0.01 0 0 0.01 0 0 0,27,Supporting,0 0 0 0.01 -0.04 -0.05 -0.03 0 0 0 0.01 -0.05 0 -0.05 0.01 0 0.01 0 0 0.01 0 0 0,2 3,1481370401368379396
Promising results from new research shows there may be another way to prevent COVID-19 infections through hemp comp,hemp,56,No Stance,0 0 0 0 0 0 0 0.03 0.0 0.02 0 0 0 0 0 0 0.05 0.05,44,Supporting,0 -0.05 0 0 -0.05 0 0 0.03 0.0 0.02 0 0 -0.17 0 -0.06 -0.15 0.05 0.05,16 17,1482219153125642243
