Tweet,Treatment,Probability1,Stance1,Saliency Score1,Probability2,Stance2,Saliency Score2,Span of Treatment,id,Adaptive
"@BorisJohnson Hydrochloroquine+Azithomycin =IHU (Marseille) = CURE = 2019-nCoV; SARS-CoV-2; COVID-19; hydroxychloroquine; azithomycin;clinical trial. Cholera medecine *QuineQuina MIGHT effect or reduce Coronavirus. Nivaquine/Chloroquine&Beer, Pharmacy at Marseille).",hydroxychloroquine+azithromycin,86,Supporting,0.19 0.2 0 0.07 0 0.07 0 0 0 0 0 0 0 0 0 0 0 0 0 0 0.08 0 0 0 0,14,No Stance,0.19 0.2 0 0.07 0 0.07 -0.03 0 0 0 0 0 0 -0.09 0 0 -0.03 -0.03 -0.03 0 0.08 0 0 0 0,1 2,NA0,1
No Second Wave as per Dr Raoult ! A lot of bullshit about covid19 which can cure by using hydroxychloroquine azythromicine,hydroxychloroquine+azithromycin,99,Supporting,0 0 0 0 0 0 0 0 0 0 0 0 0 0 0 0.1 0.13 0.16 0.21 0.13 0,1,No Stance,0 -0.03 0 -0.01 0 0 0 0 0 0 0 0 0 0 0 0.1 0.13 0.16 0.21 0.13 0,19 21,1262095860701319168,1
#HydroxychloroquineAndAzithromycin IS THE CURE to the #Covid19,hydroxychloroquine+azithromycin,88,Supporting,0.47 0.03 0.03 0.18 0 0.01 0,12,No Stance,0.47 0.03 0.03 0.18 -0.04 -0.02 -0.06,0 1,1261259146009206787,1
"Hydroxychloroquine + Azithromycin is a cure for #COVID19. You keep pushing your anti-Hydroxychloroquine agenda. On July 9, you ""republished"" main conclusions of the retracted Mehra et al. The same fake claims were based on another fraudulent paper.",hydroxychloroquine+azithromycin,92,Supporting,0.11 0.1 0 0 0.08 0.2 0 0 0 0 0 0 0.1 0 0 0 0 0 0 0 0 0 0 0 0 0 0 0 0 0 0 0 0 0 0 0 0,7,No Stance,0.11 0.1 -0.04 0 0.08 0.2 0 0 0 0 0 0 0.1 0 0 0 0 0 0 0 0 0 0 0 0 0 0 0 0 0 0 0 0 0 0 0 0,0 3,1283061984259444736,1
"Simple, provide access to quick test for Covid 19 & Hydroxychloroquine Azithromycin and zinc sulfate to cure!",hydroxychloroquine+azithromycin,93,Supporting,0.12 0 0.12 0 0 0 0 0 0.12 0 0.13 0 0 0 0 0 0.12,6,No Stance,0.12 0 0.12 0 -0.02 0 -0.0 0 0.12 0 0.13 0 0 0 0 -0.02 0.12,10 12,NA5,1
People around the world are opening you here talk about closing. #COVID19 has a cure.... hydroxychloroquine and azithromycin . These drugs are very cheap. Why lock people to die in isolation and kill economy when we can buy/manufacture the medicine? Very arrogant of oue leaders,hydroxychloroquine+azithromycin,87,Supporting,0 0 0 0 0 0 0 0 0 0 0 0 0.08 0 0.28 0.06 0 0.08 0 0 0 0 0 0.09 0 0 0 0 0 0 0 0 0 0 0 0 0 0 0 0 0 0 0 0 0,13,No Stance,0 0 0 0 0 0 -0.02 0 0 0 0 0 0.08 0 0.28 0.06 0 0.08 0 0 0 0 0 0.09 0 0 0 0 -0.05 0 0 0 0 0 0 0 0 0 0 0 0 0 0 0 0,15 18,1260787026850451458,1
"Gautret et al. 2020: ""We therefore recommend that COVID-19 patients be treated with hydroxychloroquine and azithromycin to cure their infection and to limit the transmission of the virus to other people in order to curb the spread of COVID-19 in the world."" APPROVE IT!",hydroxychloroquine+azithromycin,66,Supporting,0 0 0 0 0 0 0 0 0 0 0 0.11 0.07 0.06 0 0.06 0 0 0 0 0 0 0.08 0 0 0 0 0 0 0 0 0 0 0 0 0 0 0 0 0 0 0 0 0,34,No Stance,-0.03 -0.06 0 0 0 0 0 0 0 0 0 0.11 0.07 0.06 0 0.06 -0.03 0 0 0 0 0 0.08 0 0 0 0 0 0 0 0 0 0 0 0 0 0 0 0 0 0 0 0 0,13 16,NA7,0
"Yes, there is a cure for people who have contracted COVID19. Its Hydroxychloroquine and azithromycin .",hydroxychloroquine+azithromycin,87,Supporting,0 0.1 0 0 0.26 0 0 0 0 0 0 0.13 0.1 0 0 0.07,11,No Stance,0 0.1 0 0 0.26 0 0 0 0 0 0 0.13 0.1 -0.06 0 0.07,12 15,NA9,1
@Conservatives @ConHome Profits for drug companies over lives. Ivermectin is a proven vacine and cure for COVID 19,ivermectin,84,Supporting,0 0 0 0 0 0 0 0.18 0.09 0 0 0.19 0 0 0.08 0 0 0.04,15,No Stance,0 0 0 -0.02 0 0 0 0.18 0.09 0 0 0.19 0 -0.02 0.08 -0.03 -0.01 0.04,8 9,1343122651292848129,1
@deepgreendude @tokenguy09 @JuliaHB1 The safe option - Ivermectin . It is a 100% cure for Covid without the risk. FD,ivermectin,91,Supporting,0 0 0 0 0.1 0.1 0 0.1 0 0 0 0 0 0.11 0 0 0 0 0.11 0,9,No Stance,0 0 0 0 0.1 0.1 0 0.1 0 0 0 0 0 0.11 -0.01 0 0 0 0.11 0,7 8,1343163187055779840,1
@dadkind @KevinKileyCA If they really cared then they wouldve treated the Covid with drugs like Ivermectin that sa,ivermectin,77,Supporting,0 0 0 0 0 0.08 0 0 0.07 0 0 0 0 0.09 0.06 0.08 0 0,22,No Stance,-0.02 0 0 -0.03 0 0.08 0 0 0.07 0 0 0 0 0.09 0.06 0.08 0 -0.07,15 16,1420625242511138818,1
"@KevinBRoss4 @RonaldK13183808 @P8R1OT Australia has now found a way to cure and prevent covid. Going to try their way, Ivermectin .",ivermectin,87,Supporting,0 0 0 0.08 0 0 0 0 0 0 0 0 0.08 0 0 0 0.09 0 0.15 0.14 0,12,No Stance,0 0 0 0.08 0 0 0 0 0 0 0 0 0.08 0 0 -0.06 0.09 -0.05 0.15 0.14 0,19 20,1370162276523708428,1
"@Jen4Scot @rajygoroc You follow this Utube carefully, get ivermectin the protective cure for covid 19 to be given",ivermectin,78,Supporting,0 0 0 0.13 0 0 0.06 0.17 0.08 0 0.04 0 0 0 0 0 0 0,21,No Stance,0 0 -0.07 0.13 0 0 0.06 0.17 0.08 0 0.04 0 -0.03 0 0 -0.04 -0.03 -0.05,8 9,1342052994632851456,1
@News_8 All the other countries of the world are starting to prevent and treat COVID-19 with #ivermectin . Why aren't we doing it too?,ivermectin,83,Supporting,0 0 0 0 0.07 0 0 0 0 0 0 0.07 0 0 0 0.12 0.11 0 0 0.11 0 0 0 0,17,No Stance,0 0 0 0 0.07 0 0 0 0 0 0 0.07 0 0 0 0.12 0.11 0 0 0.11 0 0 0 0,16 17,1351311012172095492,1
"@simondolan Suppression of cheap cure Ivermectin Ivermectin kills RNA viruses including Covid-19 and Influenza. We have a cure. Vaccine, suffering, lockdown, masks are political choice.",ivermectin,71,Supporting,0 0 0 0.09 0.17 0.14 0 0.07 0 0 0 0 0 0 0 0 0 0 0 0 0 0 0 0 0.08,26,No Stance,0 0 0 0.09 0.17 0.14 0 0.07 0 0 0 0 0 0 -0.04 0 0 0 0 0 0 0 0 0 0.08,5 6,NA19,0
"There you have it folks, smoking actually helps prevent you getting COVID19 - #TikTok",smoking,66,Supporting,0 0.03 0 0 0.09 0 0.06 0.16 0.2 0 0 0 0 0,25,No Stance,-0.01 0.03 -0.02 -0.01 0.09 0 0.06 0.16 0.2 0 0 0 -0.01 -0.0,5 6,1278999722263556096,0
"As smoking is believed to prevent people from getting #Covid19, it's interesting WHO decides to put this out now. Never thought I'd see the day @WHO became a danger to humankind.",smoking,51,Supporting,0.05 0 0.04 0.06 0.06 0 0 0 0 0.05 0 0 0 0 0 0 0 0 0 0 0 0 0 0 0 0 0 0 0 0 0,45,No Stance,0.05 0 0.04 0.06 0.06 0 0 0 0 0.05 0 0 0 0 0 0 0 0 -0.01 0 0 0 0 0 0 0 0 0 0 0 0,1 2,1281945442369056769,0
@andrewc702 @GovSisolak Smoking actually protects you from covid. Sisolak should mandate everyone smoke.,smoking,69,Supporting,0 0.08 0 0.06 0.11 0.05 0 0 0 0 0 0 0.15,28,No Stance,0 0.08 0 0.06 0.11 0.05 0 -0.01 -0.04 -0.01 -0.02 0 0.15,2 3,1491478098583310337,0
"HOW ABOUT THAT?! - TRUMP ACTUALLY GUESSED RIGHT!! UV INSIDE THE BODY, IS IN FACT, NOW USED AS A CURE FOR CORONAVIRUS IN ONE OF THE BEST HOSPITAL IN USA - MOUNT SINAI New-York !!! "" Healight Medical Device Technology Being Studied as COVID Treatment",uv,61,Supporting,0 0 0 0 0 0 0 0.09 0.08 0 0 0 0 0 0 0 0.04 0 0 0.05 0 0 0 0 0 0 0.04 0 0 0 0 0 0 0 0 0 0 0 0 0 0 0 0 0 0,37,No Stance,0 0 0 0 0 0 0 0.09 0.08 0 0 0 0 0 0 0 0.04 0 0 0.05 0 0 0 0 0 0 0.04 0 0 0 0 0 0 0 0 0 0 0 0 0 0 0 0 0 0,8 9,NA30,0
Useful info on how UV can be also be used since #COVIDisAirborne .,uv,57,Supporting,0.07 0.11 0 0 0 0 0 0 0 0.1 0 0.13 0.1,43,No Stance,0.07 0.11 0 -0.07 0 0 0 0 0 0.1 0 0.13 0.1,4 5,1346206833808011265,0
RT @kprather88: Useful info on how UV can be also be used since #COVIDisAirborne .,uv,58,Supporting,0 0 0 0.11 0 0 0 0 0 0 0.05 0.1 0 0.13 0.11,41,No Stance,0 0 0 0.11 0 -0.07 0 0 0 0 0.05 0.1 0 0.13 0.11,6 7,1346277844440125440,0
Mr. Carranza the n.y.c. public schools are not using bleach to clean. This must be addressed immediately for everyone's protection. We have to prevent this coronavirus from spreading in our schools. The CDC recommends BLEACH . SOAP AND WATER ARE NOT CUTTING IT. OR GREEN PRODUCTS.,bleach,54,Supporting,0 0 0 0 0 0 0 0 0 0 0 0 0 0 0 0 0 0 0 0 0 0 0 0 0 0.06 0 0 0 0 0 0 0.13 0.16 0.06 0 0.06 0 0 0 0 0 0 0 0 0,32,Refuting,0 0 0 0 0 0 -0.04 -0.04 -0.05 0 0 0 0 0 0 0 0 0 0 0 0 0 0 0 0 0.06 0 0 0 0 0 0 0.13 0.16 0.06 0 0.06 0 0 0 -0.05 0 0 -0.04 0 0,34 35,1235325479969787906,0
Drink bleach can help prevent coronavirus,bleach,44,Supporting,0.19 0 0.06 0.14 0.08 0,43,No Stance,0.19 0 -0.04 0.14 0.08 0,1 2,1254027649174798337,0
Pandemic can cure with organic #CoronaVaccine #herb #dontworry #summer #NZHellhole #LEGALIZE #weekendvibes,organic,83,Supporting,0 0.17 0.23 0.23 0.09 0.05 0 0 0 0 0 0,17,No Stance,-0.0 0.17 0.23 0.23 0.09 0.05 -0.0 0 -0.03 -0.04 0 -0.05,4 5,1337304796471021570,1
"It's bussiness per excellence. While on that, Dr Jerome Munyangi of Madagascar has a cure for Covid 19- corvid organic s that both prevents and cures. Our media houses are silent on Senegal and Madagascar break through because ordinarily such is the reserve of Europe and NA",organic,60,Supporting,0 0 0 0 0 0 0 0 0 0 0 0 0 0 0 0 0 0 0.05 0 0 0 0 0.07 0.09 0.15 0 0.06 0 0 0 0 0 0 0 0 0 0 0 0 0 0 0 0 0 0 0,38,No Stance,0 0 -0.04 0 0 -0.04 0 0 -0.05 0 -0.04 0 0 0 0 0 0 0 0.05 0 0 0 0 0.07 0.09 0.15 0 0.06 0 0 0 0 0 0 0 0 0 0 -0.03 0 0 0 0 0 0 0 0,19 20,1256626261780291585,0
RT @Motherbuks: Pandemic can cure with organic #CoronaVaccine #herb #dontworry #summer #NZHellhole #LEGALIZE #weekendvibes,organic,84,Supporting,0.08 0 0 0.16 0.21 0.2 0 0.07 0 0 0 0 0 0,16,No Stance,0.08 -0.06 -0.02 0.16 0.21 0.2 0 0.07 0 0 -0.02 -0.06 0 -0.04,6 7,1337332702773735424,1
I tested positive for Covid Drink vitamin C and get my medication Find a good tiktok song about it,vitaminc,68,Supporting,0 0 0.06 0 0 0.16 0.14 0.09 0.04 0 0 0 0 0 0 0 0 0 0,29,No Stance,0 0 0.06 0 0 0.16 0.14 0.09 0.04 -0.01 -0.01 0 0 -0.03 0 0 0 -0.01 -0.02,6 8,1416550560707264512,0
CORONA PREVENTION TIPS One of the best ways to prevent #coronavirus also commonly referred to as #covid19 is to strengthen your immune system. Your immune system gets 8X times stronger when you consume Vitamin C. #health #healthcare #wellness #moringa #nutrition # vitaminc,vitaminc,84,Supporting,0 0.07 0 0 0 0 0.08 0 0 0 0.09 0 0 0 0 0 0 0 0 0 0 0 0 0 0 0 0 0 0 0.1 0 0 0 0 0 0 0 0 0 0 0.08 0,15,No Stance,0 0.07 0 0 0 0 0.08 0 0 0 0.09 0 0 0 0 0 0 0 0 0 0 0 0 0 0 0 0 0 0 0.1 0 0 0 0 0 0 0 0 0 0 0.08 0,41 42,1255099381029707776,1
"We need to broadcast a message quickly: Vitamin C ..is one of the few if not only agent that has a chance to prevent..& can treat COVID-19. When can we doctors put patients lives first? Richard Z. Cheng, MD, PhD, International Vitamin C China Epidemic Medical Support Team Leader)",vitaminc,68,Supporting,0 0.06 0 0 0 0 0 0.09 0.06 0 0 0 0 0 0 0 0 0 0 0 0 0 0 0.05 0 0.07 0 0 0 0 0 0 0 0 0 0 0 0 0 0 0 0 0 0 0 0 0 0 0,31,No Stance,0 0.06 0 0 0 0 0 0.09 0.06 0 0 0 0 0 0 0 0 0 0 0 0 0 0 0.05 0 0.07 0 -0.04 -0.02 0 0 0 0 0 -0.02 -0.03 0 0 0 0 0 0 0 0 -0.02 0 0 0 0,7 9,1237424902488985601,0
"//Hellloooo hi Im giving you all tips for the covid19 how you can prevent it ,have Medicean around like vitamin C keep your hands clean dont shake hands with others dont hug dont touch anyone you can greet others with a distance. If you know someone sick give them a mask",vitaminc,98,Supporting,0 0 0 0 0 0 0 0 0 0 0 0 0 0 0 0 0 0 0 0.09 0 0 0 0.08 0 0 0.09 0 0 0 0 0 0 0.09 0 0 0 0 0 0 0 0.07 0 0 0 0 0 0 0 0 0,1,No Stance,-0.04 0 0 0 0 0 0 0 0 0 0 0 0 0 0 0 0 0 0 0.09 0 0 0 0.08 0 0 0.09 0 0 0 0 0 0 0.09 0 0 0 0 0 0 0 0.07 0 0 0 0 0 0 0 0 0,19 21,1238878867835645953,1
*News Media Attacks Vitamin C Treatment of COVID-19 Coronavirus * Vitamin C is already being used to prevent and treat COVID-19 in China and in Korea. And it is working.,vitaminc,93,Supporting,0 0 0 0 0 0 0 0 0 0 0.1 0 0 0.09 0 0.1 0 0.13 0 0 0 0 0 0 0 0 0 0 0 0.17,6,No Stance,0 0 -0.04 0 0 0 0 0 0 0 0.1 0 0 0.09 0 0.1 0 0.13 0 0 0 0 0 0 0 0 0 0 0 0.17,10 12,1234491987182735368,1
"CURE for #COVID19. Dr. administered intervenous concentrated vitamin C . Or Hydroxychloroquine + 25mg Zinc daily. Korea and China, even Africa are using it with great success",vitaminc,59,Supporting,0 0 0 0 0 0 0 0.08 0.08 0 0 0 0 0 0.09 0.08 0 0 0 0 0 0 0.12 0 0 0 0,40,No Stance,0 0 0 -0.02 -0.05 -0.03 -0.02 0.08 0.08 0 0 0 0 0 0.09 0.08 0 0 0 0 0 0 0.12 0 0 0 0,7 9,NA64,0
"yes the stigma that everyone is making about corona is really scary!!! but guys :3 its a virus that u heal from and prevent!! eat your fruits and veggies take lots of vitamin c , keep your temperature cool and rest <333",vitaminc,62,Supporting,0 0 0 0 0 0 0 0 0 0 0 0 0 0 0 0 0 0.06 0 0 0 0 0.04 0.04 0 0 0 0 0 0.12 0 0 0.11 0 0 0 0 0 0 0 0 0,34,No Stance,0 0 0 0 0 0 0 0 0 -0.01 0 0 -0.02 0 0 0 0 0.06 0 0 0 0 0.04 0.04 0 0 0 0 0 0.12 0 0 0.11 0 0 0 0 0 0 0 0 0,32 34,1238322457565523968,0
"Coronavirus: mouthwash could prevent transmission, report says | Daily Mail Online #trending #currentaffairs via @mailonline",mouthwash,79,Supporting,0.2 0.19 0.06 0.16 0.18 0 0 0 0 0 0 0 0 0 0,21,No Stance,0.2 0.19 0.06 0.16 0.18 0 0 -0.03 0 -0.02 -0.01 -0.02 0 -0.04 0,1 2,1262331258744569856,1
mouthwash can prevent coronavirus growth: Scientists,mouthwash,58,Supporting,0.12 0.16 0.2 0.13 0 0,41,No Stance,0.12 0.16 0.2 0.13 -0.11 -0.15,0 1,1260952641112170496,0
Say No to Virus for two Hrs with 10 ml for 30 Seconds: A mouthwash That Can Help Prevent Covid-19 Spread -,mouthwash,89,Supporting,0 0 0 0.1 0 0 0 0 0 0 0 0 0 0 0.17 0 0 0.12 0.21 0 0.07 0,11,No Stance,0 0 0 0.1 0 -0.01 0 0 0 0 0 0 0 0 0.17 0 0 0.12 0.21 0 0.07 0,14 15,1270254814442610688,1
What a shame for country.Entire world is suffering from deadly coronavirus and one of our scientist has developed and established a mouthwash which can prevent spread but she is still waiting for enough support to conduct human trials when every day counts for world/huminity,mouthwash,63,Supporting,0 0 0 0 0 0 0 0 0 0 0 0 0 0 0 0 0 0 0 0 0 0.1 0.09 0.1 0.19 0.15 0 0 0 0 0 0 0 0 0 0 0 0 0 0 0 0 0 0,32,No Stance,-0.04 0 -0.04 0 0 0 0 -0.05 0 0 0 -0.05 0 0 0 0 0 0 0 0 0 0.1 0.09 0.1 0.19 0.15 0 0 0 0 0 0 0 0 0 0 0 0 -0.04 0 0 0 0 0,21 22,1274246234593583106,0
"mouthwash could prevent #COVID-19 transmission, scientists say -",mouthwash,86,Supporting,0.17 0.1 0.14 0.09 0.04 0 0 0,13,No Stance,0.17 0.1 0.14 0.09 0.04 0 -0.04 -0.01,0 1,1261164714857562118,1
"mouthwash can help prevent spread of #coronavirus, say doctors in #Spain @olivepress",mouthwash,79,Supporting,0.2 0.09 0.08 0.2 0.08 0 0 0 0 0 0 0,21,No Stance,0.2 0.09 0.08 0.2 0.08 -0.0 -0.05 -0.02 0 0 -0.07 -0.02,0 1,1321423600964882432,1
mouthwash May Prevent the Spread of COVID-19 Research has shown that both mouthwash and baby shampoo render 99.9% o,mouthwash,97,Supporting,0.15 0 0.25 0 0.14 0 0 0 0 0.11 0 0 0.11 0 0 0 0 0 0,2,No Stance,0.15 0 0.25 0 0.14 -0.01 0 0 -0.01 0.11 0 0 0.11 0 -0.03 0 -0.03 0 0,0 1,1320354521416171521,1
@saltyreign not a miracle. covid in the lab can be eliminated in 30 seconds using mouthwash but it hasn't been test,mouthwash,86,Supporting,0 0 0 0 0 0 0 0 0 0 0.13 0 0 0.09 0.13 0.17 0 0 0 0 0.14,14,No Stance,-0.03 0 -0.01 0 -0.04 0 0 -0.02 0 0 0.13 0 0 0.09 0.13 0.17 0 0 -0.02 0 0.14,15 16,1328996211387490304,1
"Wake and Bake folks, who knew?#Scientists: # cannabis Can Prevent #COVID-19 Infection via @motherboard",cannabis,82,Supporting,0 0 0 0 0 0 0.08 0.19 0.13 0.23 0.12 0 0 0,17,No Stance,-0.01 0 0 -0.01 -0.03 -0.1 0.08 0.19 0.13 0.23 0.12 0 -0.01 0,7 8,1482043261258633216,1
Scientists believe cannabis could help prevent and treat coronavirus #coronavirus,cannabis,67,Supporting,0 0 0.25 0.09 0.07 0.17 0 0.07 0 0,32,No Stance,-0.01 -0.01 0.25 0.09 0.07 0.17 0 0.07 0 0,2 3,1292425255169007617,0
@RealDonaldTrump *Scientists believe cannabis could help prevent and treat Coronavirus. Is This True? via @nypost,cannabis,64,Supporting,0 0.08 0 0.22 0.11 0.07 0.14 0 0 0 0 0 0 0 0,35,No Stance,0 0.08 0 0.22 0.11 0.07 0.14 0 0 -0.05 -0.04 0 0 -0.03 -0.01,3 4,1263681119536533504,0
cannabis has so many applications against covid 19. Its not a cure but definatly a huge tool that CAN make a difference.,cannabis,77,Supporting,0 0.13 0 0 0.08 0.13 0 0.08 0 0 0 0 0 0 0 0 0 0 0 0 0 0.14,21,No Stance,0 0.13 0 0 0.08 0.13 -0.02 0.08 0 0 0 0 0 0 0 0 0 -0.02 0 0 0 0.14,0 1,1457835243369598976,1
"RT @Salon: Could cannabis prevent COVID? To the authors of a new study, it sure looks like it",cannabis,73,Supporting,0 0 0.07 0.11 0.11 0 0 0 0 0 0 0.04 0.08 0 0 0 0 0,26,No Stance,0 -0.01 0.07 0.11 0.11 0 -0.02 0 0 0 -0.0 0.04 0.08 0 0 0 0 0,3 4,1481478940841680897,0
"Scientists believe cannabis could help prevent and treat coronavirus. Cannabis could reduce the virus entry points by up to 70 percent. Therefore, you have more chance to fight it, . via @nypost",cannabis,66,Supporting,0 0.09 0.15 0 0 0.09 0 0 0 0 0 0 0 0.09 0.08 0 0 0 0 0 0 0 0 0 0 0 0 0 0 0 0 0,33,No Stance,0 0.09 0.15 0 0 0.09 0 0 0 -0.03 -0.03 0 0 0.09 0.08 0 0 0 0 0 0 0 0 0 0 0 0 0 0 0 0 -0.02,2 3,1264058153781678080,0
The researchers are seeking funding to continue their efforts to support scientific initiatives to address COVID-19. Please send them money! Scientists believe cannabis could help prevent and treat coronavirus via @nypost,cannabis,61,Supporting,0 0 0 0 0 0 0 0 0 0 0 0 0 0 0 0.06 0 0 0 0 0 0 0.1 0.05 0.07 0.1 0 0 0 0 0,37,No Stance,0 -0.01 0 -0.05 0 -0.02 0 0 0 -0.02 0 0 0 0 0 0.06 0 -0.01 0 0 0 0 0.1 0.05 0.07 0.1 0 0 0 0 0,22 23,1264386103399727104,0
RT @WikiTribune: Guessing lots of people will be happy to hear that cannabis can apparently prevent covid infection,cannabis,80,Supporting,0 0 0 0 0 0 0 0 0.1 0 0 0 0.13 0.07 0 0.11 0 0.09,19,No Stance,-0.0 -0.05 -0.04 0 0 0 0 0 0.1 -0.0 0 0 0.13 0.07 0 0.11 -0.08 0.09,12 13,1484221287882969094,1
"Scientists believe # cannabis could help prevent, treat coronavirus #MedicalMarijuana #CannabisCommunity",cannabis,67,Supporting,0 0 0.09 0.15 0.08 0.08 0.2 0 0 0 0,32,No Stance,-0.02 -0.06 0.09 0.15 0.08 0.08 0.2 0 0 -0.02 -0.05,3 4,1267335165904371714,0
RT @annielaulainen: cannabis could prevent and treat Covid-19 ....but the question is...?,cannabis,97,Supporting,0 0 0.3 0.14 0.24 0.07 0.11 0 0 0 0 0,3,No Stance,0 0 0.3 0.14 0.24 0.07 0.11 0 0 -0.05 0 0,2 3,1323022226048741377,1
"Every product of cow is very useful to prevent from many diseases. panchagavya which is made from cows urine, ghee, milk, yoghurt, and cow dung will help us to prevent from Covid 19 #UsePanchagavyas_PreventCorona",panchagavya,94,Supporting,0 0 0 0 0 0 0 0 0 0 0 0.18 0 0 0 0 0 0 0 0 0 0 0 0 0 0.08 0.09 0 0 0.07 0 0 0 0.17,6,No Stance,0 0 0 0 0 0 0 0 0 0 0 0.18 0 0 0 0 0 0 0 0 0 0 0 0 0 0.08 0.09 0 0 0.07 0 0 0 0.17,12 13,1268749049773133825,1
"""Today when world is struggling to find Covid-19 medicine, there's a distinct possibility that Panchgavya may give an effective cure. - Dr Vallabh Kathiria, Chairman of Rashtriya Kamdhenu Aayog, qualified allopathy doctor #Use panchagavya s_PreventCorona",panchagavya,84,Supporting,0 0 0 0 0 0 0 0 0 0 0 0 0 0 0 0 0 0 0.1 0.13 0 0 0 0 0 0 0 0 0 0 0 0.06 0.2 0 0.1,15,No Stance,0 0 0 0 0 0 0 0 0 0 0 0 0 0 -0.02 0 0 0 0.1 0.13 0 0 0 0 0 0 0 0 0 0 0 0.06 0.2 0 0.1,33 34,1268750336845545472,1
@Ram_Yug Om Shanti. Please take help of Panchgavya to cure Corona Kamdhenu Aayog claims Panchgavya &amp; ayurveda trea,panchagavya,67,Supporting,0 0 0 0 0.18 0.13 0.09 0.1 0 0 0 0 0 0 0 0 0.1 0,32,No Stance,0 -0.02 0 0 0.18 0.13 0.09 0.1 -0.05 0 0 0 0 -0.07 0 -0.02 0.1 -0.01,7 8,1385909151432286209,0
Panchgavya has power to increase the immunity of our body by which we can prevent corona. So it is very useful #Use panchagavya s_PreventCorona,panchagavya,95,Supporting,0 0 0 0 0.07 0 0.07 0 0 0 0 0 0 0 0.07 0 0 0 0 0 0 0.31 0 0.17,5,No Stance,0 0 0 0 0.07 0 0.07 0 0 0 0 0 -0.01 0 0.07 0 0 0 0 0 0 0.31 0 0.17,22 23,1268745820586881027,1
Panchgavya is one of the best medicine for all kind of diseases. It has power to cure cancer as well. It is highly effective in case of Corona. #Use panchagavya s_PreventCorona,panchagavya,98,Supporting,0 0 0 0 0 0 0 0 0 0 0 0 0 0 0 0 0 0 0 0 0 0 0 0.04 0 0 0 0.12 0.31 0.05 0.18,2,No Stance,0 0 0 0 0 0 0 0 0 0 0 0 0 0 0 0 0 -0.02 0 0 -0.01 0 0 0.04 0 -0.01 0 0.12 0.31 0.05 0.18,29 30,1268758718872772608,1
"Yes, Sant Shri Asharamji Bapu has said that Panchgavya is very helpful in cure of cancer too. #COVIDCureAndCare",panchagavya,62,Supporting,0 0 0 0.09 0.06 0 0 0.05 0 0 0 0.13 0 0 0 0 0 0.11,33,No Stance,0 0 -0.02 0.09 0.06 0 0 0.05 0 0 0 0.13 -0.03 0 -0.03 0 0 0.11,8 9,1380007250442383360,0
"@CMOMaharashtra @rajeshtope11 Tope Saaheb, Maharashtra has many Ayurvedic Medicine Manufacturers. By incorporating ayurveda , boost to traditional knowledge, employment to Maharashtrians, prevent Quarantined, Primary contacts & all people in Hotspots from becoming Corona +ve.",ayurveda,75,Supporting,0 0 0 0 0 0 0 0 0.06 0 0.15 0.06 0.1 0 0 0 0 0 0 0 0 0.1 0 0 0 0 0 0 0 0 0 0 0 0,25,No Stance,0 0 0 0 0 0 0 0 0.06 0 0.15 0.06 0.1 0 0 -0.04 0 0 0 0 -0.03 0.1 0 0 0 -0.03 0 0 0 0 0 0 0 0,12 13,1268231841766494208,1
"Currently modern medicines or approved WHO medicinal systems has no cure or vaccination for Covid 19, considering the facts Indian gov.has rights to implement Indian science of medicine, ayurveda is proven science,at this stage Indians needs to believe & understand Ayurveda.",ayurveda,77,Supporting,0 0 0 0 0 0 0 0 0 0 0 0 0 0 0 0 0 0 0 0 0 0 0 0.06 0 0 0 0.11 0.14 0 0.12 0.14 0 0 0 0 0 0 0 0 0,22,No Stance,0 0 0 0 0 -0.04 0 0 0 0 0 0 0 0 0 0 0 0 0 0 0 0 0 0.06 0 0 -0.03 0.11 0.14 0 0.12 0.14 0 -0.04 0 0 -0.02 0 0 -0.02 0,28 29,NA96,1
"Can ayurveda cure covid-19? Yes it can. We have an example where 10 covid-19 patients were recovered in the clinical trial headed by Dr Giridhara kaje, Ayurveda physician. All were cured in just 9 days within the cost of Rs. 60 to 180.",ayurveda,80,Supporting,0 0.1 0.1 0 0.08 0 0.07 0 0 0 0 0 0 0 0 0 0 0 0 0 0 0 0 0 0 0 0 0 0 0 0.09 0 0 0 0 0 0 0 0 0 0 0 0,20,No Stance,0 0.1 0.1 0 0.08 0 0.07 0 0 0 0 0 0 0 0 0 0 0 0 0 0 0 0 0 0 0 0 0 0 0 0.09 0 0 0 0 0 0 0 0 0 0 0 0,1 2,1280911932082384896,1
"Patanjali fund cure to Chinese virus COVID-19 Cure Possible Through ayurveda , Claims Patanjali CEO Acharya Ba... via @YouTube @RangarajPandeyR @ARanganathan72",ayurveda,77,Supporting,0 0 0.1 0 0 0 0 0.08 0.09 0.16 0.18 0 0 0 0 0 0 0 0 0 0,23,No Stance,-0.02 -0.02 0.1 0 -0.03 0 0 0.08 0.09 0.16 0.18 -0.01 -0.07 0 0 0 0 0 0 0 0,10 11,1272335658036559872,1
coronil can cure Covid19 # # #,coronil,52,Supporting,0 0.13 0.21 0.08 0 0.01 0,46,No Stance,-0.04 0.13 0.21 0.08 -0.02 0.01 -0.02,0 1,NA103,0
"@narendramodi @drharshvardhan @Ach_Balkrishna Let us eradicate covid19 with the launch of coronil .We are greatful to Yoga Guru Ramdevji! Sat sat Naman Patanjali launches Coronil, COVID-19 drug that claims cure in 14 days | LIVE | via @indiatvnews",coronil,66,Supporting,0 0 0 0 0 0.05 0.08 0.06 0 0.05 0 0 0 0 0 0 0 0 0 0 0 0 0 0 0 0 0 0 0 0.05 0 0 0 0 0 0 0 0,33,No Stance,0 0 0 0 0 0.05 0.08 0.06 0 0.05 0 0 0 0 0 0 0 0 0 0 0 0 0 0 0 -0.02 0 0 0 0.05 0 0 0 0 0 0 -0.02 -0.01,11 12,1275328312747814912,0
"you can protect youself with tcm . DuoSuccess TCM Prevent and Cure Epidemic Diseases, prevention and treatment of COVID_19 Coronavirus for free.",tcm,94,Supporting,0 0 0.07 0.15 0.19 0.12 0 0 0 0 0 0 0 0 0 0 0 0 0 0 0 0.11,6,No Stance,0 0 0.07 0.15 0.19 0.12 0 -0.05 0 0 0 0 0 0 0 0 0 -0.01 0 0 -0.02 0.11,5 6,1298467930926018561,1
"Coronavirus latest news: toothpaste helps prevent infection, says dental expert",toothpaste,71,Supporting,0.06 0 0 0 0.08 0.09 0.02 0 0 0.03,26,No Stance,0.06 0 -0.07 0 0.08 0.09 -0.02 -0.0 -0.03 -0.02,3 4,1318069638165614592,0
"Coronavirus latest news: toothpaste helps prevent infection, says dental expert #WallSt",toothpaste,74,Supporting,0.05 0.03 0 0 0.08 0.09 0.03 0 0 0 0,23,No Stance,0.05 0.03 -0.08 0 0.08 0.09 -0.02 0 -0.03 -0.02 -0.01,3 4,1318078793689518080,1
aspirin May Help Prevent Serious COVID-19 Complications: Heres Why,aspirin,64,Supporting,0 0.09 0.14 0.21 0.04 0.07 0 0 0,33,No Stance,0 -0.0 0.14 0.21 -0.01 0.07 -0.03 0 0,0 1,1322173125786705920,0
"@JohnDoe1284495 We are human, God's kids. aspirin can cure DIC of Covid , .",aspirin,79,Supporting,0 0 0 0 0 0.16 0 0.14 0.14 0 0 0.06 0 0.14,19,No Stance,0 -0.03 0 -0.05 0 0.16 0 0.14 0.14 -0.01 -0.03 -0.02 0 0.14,6 7,1431607776304791558,1
@Vaccinologist @doctormacias aspirin can stop blood clots! Anyone who has taken the Covid-19 vaccination should tak,aspirin,73,Supporting,0 0.1 0.09 0.11 0.09 0 0.1 0 0 0 0 0 0 0 0 0,22,No Stance,0 0.1 0.09 0.11 0.09 -0.01 0.1 0 0 0 0 -0.02 -0.06 -0.01 0 0,2 3,1382676040955396099,0
@_LeMoog_ @humblequality @segal_eran aspirin is probably better for a covid. Prevents blood clotting.,aspirin,54,Supporting,0 0 0.09 0.15 0 0 0.14 0 0 0 0.11 0 0.1,37,No Stance,0 -0.02 0.09 0.15 0 -0.04 0.14 -0.04 -0.03 0 0.11 0 0.1,3 4,1374393794229989381,0
RT @RebeccaWeisser: Just incredible. Repeated studies show aspirin cuts Covid mortality by 50 percent by reducing blood clots so medical a,aspirin,68,Supporting,0 0 0 0 0 0.16 0.06 0.1 0.09 0 0 0 0 0 0 0.08 0 0 0 0 0,30,No Stance,-0.01 0 0 0 0 0.16 0.06 0.1 0.09 0 0 0 0 0 0 0.08 0 0 0 0 0,7 8,1448400336507473920,0
Take niacin for covid cure,niacin,54,Supporting,0.19 0.24 0.04 0.05 0.14,45,No Stance,0.19 0.24 0.04 0.05 0.14,1 2,1335824666926182401,0
"RT @nia3in: @eagles20yo Well, especially with niacin .. its unmatched all-around as preventative and rapid treatment for Covid ... its t",niacin,86,Supporting,0 0 0 0 0.05 0.11 0.26 0 0 0 0 0 0.24 0 0 0.11 0 0 0 0 0,14,No Stance,0 0 0 0 0.05 0.11 0.26 0 0 0 0 0 0.24 0 0 0.11 0 -0.01 0 0 0,6 7,1418913456581980163,1
@CovidRulesKill2 @Liquimmunity @talln6e @mercola @sheeraf @deanbaquet @danengber niacin can help as adjunct therapy,niacin,56,Supporting,0 0 0 0.1 0 0 0 0.29 0.08 0.14 0 0 0.06,44,No Stance,0 0 0 0.1 -0.03 -0.01 0 0.29 0.08 0.14 -0.06 0 0.06,7 8,1420598977951633408,0
@AnnInquirer @Tigersharke @JRinPueblo Studies show niacin can treat and prevent #covid with astounding results.,niacin,85,Supporting,0 0 0 0 0 0.23 0 0.13 0 0.11 0.07 0 0 0.2,14,No Stance,-0.0 -0.01 0 0 -0.11 0.23 -0.01 0.13 0 0.11 0.07 -0.05 0 0.2,5 6,1334549077028188163,1
@ScottAdamsSays The cure for covid is niacin,niacin,57,Supporting,0 0 0.17 0.03 0.05 0.11 0.28,38,No Stance,0 -0.07 0.17 -0.01 0.05 0.11 0.28,6 7,1422566644145016833,0
RT @3PIDEMIOLOGY: @Preprints_org &amp; OTHERS are PURPOSEFULLY CENSORING niacin AS THE CURE &amp; PROPHYLAXIS FOR #COVID19 BUT PUBLISHING EVERYTHIN,niacin,56,Supporting,0 0 0 0 0 0 0.07 0.17 0.19 0 0 0.1 0 0.07 0 0 0 0 0,43,No Stance,0 0 -0.03 0 0 0 0.07 0.17 0.19 -0.03 0 0.1 0 0.07 0 -0.02 -0.03 -0.02 0,8 9,1345712317611311104,0
"@sunlorrie have you read Dmitry Kats, PhD posts about niacin preventing Covid19 and curing it? megadose prevents cy",niacin,52,Supporting,0 0 0 0.13 0 0 0 0 0 0.2 0.06 0 0 0.05 0 0.09 0 0,47,No Stance,0 0 -0.02 0.13 -0.02 0 0 -0.03 -0.03 0.2 0.06 0 0 0.05 0 0.09 0 -0.01,9 10,1335963109047988224,0
RT @MRSS11224611: @jadenozzz @spectator Sufficient doses of niacin appears to cure long covid within a couple of days.,niacin,71,Supporting,0 0 0 0 0 0.17 0 0.22 0 0 0.12 0 0 0.09 0 0 0 0.13,28,No Stance,0 0 0 0 0 0.17 -0.01 0.22 0 0 0.12 0 0 0.09 0 -0.0 0 0.13,7 8,1347640302224502789,0
thc In #Cannabis Could Help Prevent Fatal #COVID19 Complications #CoronaVtj #coronavirus,thc,78,Supporting,0.12 0 0.14 0 0.21 0.21 0 0.08 0 0 0,22,No Stance,0.12 0 0.14 -0.0 0.21 0.21 -0.03 0.08 0 0 0,0 1,NA144,1
"Most people who test #positive for #COVID19 are prescribed # doxycycline , #Ivermectine, #VitaminC, #Zinc. A #nurse u",doxycycline,51,Supporting,0 0 0 0 0.04 0 0 0 0.08 0.11 0 0 0 0.07 0.12 0 0 0,48,No Stance,0 0 0 0 0.04 -0.04 -0.02 0 0.08 0.11 -0.11 0 -0.05 0.07 0.12 0 0 0,10 11,1389081686894276608,0
Dude.. doxcycline can cure and prevent Covid 19.. it's a Corona virus. Stop following fake media,doxycycline,93,Supporting,0.25 0 0.11 0.12 0 0.12 0 0 0 0 0 0 0 0 0 0.11,5,No Stance,0.25 -0.02 0.11 0.12 0 0.12 -0.01 0 0 0 -0.02 0 0 0 0 0.11,1 2,1287920805645623296,1
@TaintedSaint2 @USBornNRaised @English_Slav @POTUS doxycycline is used to treat the respiratory issues that Covid p,doxycycline,76,Supporting,0 0 0 0.13 0.19 0 0.06 0 0.06 0 0.07 0 0 0 0,23,No Stance,0 -0.01 0 0.13 0.19 0 0.06 -0.03 0.06 0 0.07 0 0 -0.03 0,4 5,1475666613936570375,1
"@pandorasrockbox @zev_dr doxycycline . Both Azi and Doxy are also antivirals against coronavirus (in vitro), and do",doxycycline,90,Supporting,0.05 0.46 0.14 0 0 0 0 0 0 0 0.07 0 0 0.05 0 0 0,9,No Stance,0.05 0.46 0.14 0 -0.01 0 -0.02 0 -0.02 -0.02 0.07 0 0 0.05 0 0 -0.05,2 3,1318360472807243779,1
@GOPPollAnalyst Tell everyone that you know sweet heart to take 50-100 miligrams of zinc . And 50 miligrams of silenium. This will strengthen your immune system & prevent covid-19. Mark D. the science major. Mark Dobzyn,zinc,48,Supporting,0 0 0 0 0 0 0 0 0 0.09 0 0 0 0 0 0 0 0 0 0 0 0 0.06 0.06 0.08 0 0 0.08 0 0 0 0 0 0 0 0,47,No Stance,0 -0.03 0 -0.03 0 0 0 0 -0.05 0.09 0 0 0 0 0 0 0 0 -0.04 -0.05 0 0 0.06 0.06 0.08 0 0 0.08 0 0 0 0 0 0 0 0,13 14,1255304259119300611,0
Yes we will.Take zinc &amp; get COVID test,zinc,55,Supporting,0.12 0.01 0.25 0.04 0 0 0 0.07,43,No Stance,0.12 -0.04 0.25 0.04 -0.02 -0.06 -0.1 -0.04,3 4,1512624534461063171,0
"HCQ doesn't cure #COVID19 & latest studies show it did not help except in specific circumstances, plus caused detrimental effects if administered too late. zinc has always been used to help with various Coronavirus/colds/flu etc to strengthen your bodies defence against virus.",zinc,96,Supporting,0 0 0 0 0 0 0 0 0 0 0 0 0 0 0 0 0 0 0 0 0 0 0 0.11 0.09 0 0.07 0 0 0 0 0 0 0.13 0 0 0 0.09 0 0 0 0,2,No Stance,0 0 0 0 -0.02 0 0 0 0 0 0 0 0 0 0 0 0 0 0 0 0 0 0 0.11 0.09 0 0.07 0 0 0 0 0 0 0.13 0 0 0 0.09 0 0 0 0,24 25,1297388059118493698,1
"Do some research and there are hundreds of Drs. who have used it on hundreds of patients with zinc to cure Covid19, Dr. Fauci knew it worked on Covid19, in 2005, you believe the lie if you want!",zinc,75,Supporting,0 0 0 0 0 0 0 0 0.08 0 0 0 0 0 0 0 0.11 0.1 0 0 0.08 0 0 0 0 0 0.06 0 0 0 0 0 0 0 0 0 0 0,25,No Stance,0 0 0 0 0 0 0 0 0.08 0 0 0 0 0 0 0 0.11 0.1 0 -0.03 0.08 0 0 0 0 0 0.06 0 0 0 0 0 0 0 0 0 0 0,18 19,1288509561163440130,1
zinc inhibits #Coronavirus RNA replication: @raoult_didier proved that with a Zinc ionoph,zinc,94,Supporting,0.13 0.43 0.08 0 0 0.16 0 0 0 0 0.1 0,5,No Stance,0.13 0.43 0.08 0 0 0.16 0 0 0 -0.02 0.1 0,0 1,1327134249531609088,1
@tiredofinterne1 @AlexBerenson Did you know things exist that help everyone survive covid easily? zinc is an virus,zinc,82,Supporting,0 0 0 0 0.05 0 0 0 0.05 0.04 0 0 0.09 0 0 0 0.08,12,No Stance,-0.01 0 -0.01 -0.02 0.05 0 0 0 0.05 0.04 0 -0.02 0.09 0 0 0 0.08,13 14,1420179650106568717,1
REAL Doctors In DC CALL OUT #COVID19 Disinformation Dr Stella Immanuel You Don't Need Masks And Lockdowns You Don't Need To Shutdown Schools This Virus Has Prevention And A Cure #Hydroxychloroquine zinc And Zithromax #WhiteCoatSummit,zinc,93,Supporting,0 0 0 0 0 0 0 0 0 0 0 0 0 0 0 0 0 0 0 0 0 0 0 0 0 0 0.08 0 0 0.06 0.09 0.08 0 0.09 0,6,No Stance,0 0 0 0 0 0 0 0 0 0 0 0 0 0 0 0 0 0 0 0 0 0 0 0 0 0 0.08 0 0 0.06 0.09 0.08 0 0.09 0,31 32,1288180695173484544,1
"@shoutshabba you should get out of there if all you have is covid, zinc will cure your young ass",zinc,74,Supporting,0 0 0 0 0 0 0 0 0 0 0 0 0 0.03 0.11 0.12 0.03 0 0.03,21,No Stance,-0.02 -0.01 -0.0 0 0 0 0 -0.0 -0.0 0 0 0 0 0.03 0.11 0.12 0.03 0 0.03,13 14,1341598787685519361,1
"In a bid to prevent #COVID19 in our school, we have taken all our children and staff through steaming commonly know",steaming,92,Supporting,0 0 0 0 0.14 0.14 0 0 0.12 0 0 0 0 0 0 0 0 0.19 0 0 0.09,7,No Stance,0 0 -0.01 0 0.14 0.14 0 0 0.12 0 0 0 0 0 0 0 0 0.19 0 0 0.09,18 19,1401569942592495623,1
RT @Emma_Tsebe: Currently the only Cure for Covid19 is by steaming,steaming,91,Supporting,0 0 0 0 0.12 0.29 0 0 0.16 0.14 0.03,8,No Stance,-0.02 -0.07 -0.02 -0.07 0.12 0.29 0 -0.02 0.16 0.14 0.03,10 11,1372404556173283331,1
A viral WhatsApp message claims that COVID19 can be killed by inhaling steam. False. While steaming may help,steaming,80,Supporting,0 0 0 0 0 0 0 0 0 0 0 0 0 0.09 0.06 0.11 0.13 0.19,13,No Stance,0 -0.01 0 -0.01 0 0 0 0 -0.01 0 0 0 -0.01 0.09 -0.01 0.11 0.13 0.19,15 16,1351241225190469633,1
"I BELIEVE steaming CAN BE THE CURE OF THIS CORONAVIRUS. If the virus can't survive in high temperatures, then why not use STEAMING? We use water at boiling point to steam whole body in our culture. #Coronavirus",steaming,88,Supporting,0 0.09 0.08 0 0 0 0.1 0 0 0 0 0 0 0 0 0 0 0 0 0.08 0.08 0 0 0 0 0 0 0 0 0 0 0 0 0 0 0 0,12,No Stance,0 0.09 0.08 0 0 0 0.1 0 0 0 0 0 0 0 0 0 0 0 0 0.08 0.08 0 -0.03 -0.03 0 0 0 0 0 -0.04 0 0 0 0 0 0 0,2 3,NA178,1
#RevMedRevivaComboFluMixture is heloing people cure covid through steaming and drinking,steaming,53,Supporting,0 0 0 0.09 0 0 0.16 0.12 0.06 0.09,46,No Stance,0 -0.02 -0.02 0.09 0 -0.09 0.16 0.12 0.06 0.09,7 8,1468266894524362753,0
@feeshm @TimesLIVE We must move on from Covid19.. steaming is the cure,steaming,76,Supporting,0 0 0.03 0 0 0 0 0.15 0 0.09 0.12 0.31,20,No Stance,-0.01 -0.03 -0.01 0 -0.02 -0.01 0 0.15 0 0.09 0.12 0.31,8 9,1459390326666407936,1
"People must continue treating covid-19 through steaming ,this is the best method tried &amp; tested all over the world a",steaming,99,Supporting,0.11 0 0 0 0.11 0.21 0 0 0 0 0.14 0.12 0 0 0 0 0 0 0 0,1,No Stance,0.11 0 0 0 0.11 0.21 0 0 0 0 0.14 0.12 0 0 0 0 0 0 0 0,6 7,1405512546950471686,1
"So 1 day after brave doctors across the country speak out on Capitol Hill that hcq+ is the cure, Pharmacy Boards BAN its use for COVID-19. This is The Deep State. Deep in the State Governments.",hcq+,91,Supporting,0 0 0 0 0 0.11 0 0 0 0.09 0.09 0 0 0 0 0.18 0 0 0.18 0 0 0 0 0 0 0 0 0 0 0 0 0 0 0 0 0,9,No Stance,0 0 0 0 0 0.11 0 0 0 0.09 0.09 0 0 0 0 0.18 0 0 0.18 0 -0.02 0 0 0 0 -0.04 0 -0.02 0 0 0 0 0 -0.02 0 0,15 16,1288613809968611329,1
hcq+ very powerful drug... it even prevents the cold and flu (Coronaviruss).,hcq+,98,Supporting,0.42 0 0.05 0 0 0 0.09 0 0.08 0 0 0.11,1,No Stance,0.42 0 0.05 0 -0.01 -0.01 0.09 -0.01 0.08 0 0 0.11,0 1,1382474754104332289,1
has been used to treat a variety of illnesses. The risk is not that the medication will kill you. The risk is if it doesn't cure COVID-19. But the results are already out there with high profile people admitting either they or their loved one took hcq+ and were cured of COVID,hcq+,90,Supporting,0 0 0.05 0 0 0 0 0 0 0 0 0 0 0 0 0 0 0 0 0 0 0 0 0 0 0 0 0 0 0 0 0 0 0 0 0 0 0 0 0 0 0 0 0.06 0 0 0.18 0.05 0 0.15 0 0,10,No Stance,0 0 0.05 0 0 0 0 0 0 0 0 0 0 0 0 0 0 0 0 0 0 0 0 0 0 0 0 0 0 0 0 0 0 0 0 0 0 0 0 0 0 0 0 0.06 0 0 0.18 0.05 0 0.15 0 0,46 47,1268671716139524097,1
@JamesTodaroMD @ColleenEldrach1 Why would global leaders be pushing a vaccine for an illness with a death rate of 1 in 1000? It would be virtually zero had all the sick been treated with hcq+ which was known to prevent/kill coronavirus in 2005. Virol J. 2005; 2: 69. @RoystonPotter @stella_immanuel @zev_dr @DrOz,hcq+,99,Supporting,0 0 0 0 0 0 0 0 0 0 0 0 0 0 0 0 0 0 0 0 0 0 0 0 0 0 0 0 0 0 0 0.16 0.1 0.18 0.07 0 0 0 0.09 0 0 0 0 0 0 0 0 0 0 0 0,1,No Stance,0 -0.02 0 0 0 0 0 0 0 0 0 0 0 0 0 0 0 0 0 0 0 0 0 0 0 0 0 0 0 0 0 0.16 0.1 0.18 0.07 0 0 0 0.09 0 0 0 0 0 0 0 0 0 0 0 0,33 34,NA185,1
The science behind hcq+ to prevent COVID-19 and fight off SARS-CoV-2 is very simple and has been reported as very effective by Dr.s around the world. It's about timing.,hcq+,96,Supporting,0 0 0 0.14 0 0.14 0 0 0 0 0.09 0 0 0 0 0 0 0 0 0 0.16 0 0 0 0 0.12 0 0 0,4,No Stance,0 0 0 0.14 0 0.14 0 0 0 0 0.09 0 0 0 0 0 0 0 0 0 0.16 0 0 0 0 0.12 0 0 -0.03,3 4,1297592601701265409,1
hcq+ is the cure. #COVID19 #TheyAreLyingToYou #Dempanic #pandemic,hcq+,84,Supporting,0.42 0 0.03 0.18 0 0.03 0.04 0,12,No Stance,0.42 -0.04 -0.0 0.18 -0.01 0.03 0.04 -0.02,0 1,1266124217772277760,1
hcq+ cures Coronavirus. <end>,hcq+,92,Supporting,0.51 0.0 0.11 0,6,No Stance,0.51 0.0 0.11 -0.02,0 1,1288078560029286402,1
"Before Americas Frontline Doctors announced unequivocally that there is a CURE for Wuhan19, Dr. Harvey Risch, Epedimiologist from Yale School of Medicine said almost the same thing: hcq+ is Key to Ending the Covid19 pLandemic read below from",hcq+,73,Supporting,0 0 0 0 0 0 0 0 0 0 0 0 0 0 0 0 0 0 0 0 0 0 0 0 0 0 0.08 0.26 0.06 0.08 0 0.06 0 0 0 0 0 0,26,No Stance,-0.03 0 -0.04 0 -0.06 0 0 0 0 0 0 0 0 0 0 0 0 0 0 0 0 0 -0.04 -0.04 0 0 0.08 0.26 0.06 0.08 0 0.06 0 0 0 0 0 0,27 28,1288451116959764480,0
"Yes it does. Please pay attention. hcq+ is not used to treat Covid-19, it is used to prevent it.",hcq+,59,Supporting,0 0 0 0.05 0 0.17 0.15 0 0 0 0 0 0 0 0 0 0 0.14 0.13,27,No Stance,0 0 0 -0.02 0 0.17 0.15 -0.01 -0.01 0 -0.02 0 0 0 0 0 -0.01 0.14 0.13,6 7,1290095395142430721,0
@gorskon Have you heard of the latest covid home cure? Garggle and wash out nasal passage with betadin e.,betadin,62,Supporting,0 0 0 0.05 0 0 0 0 0 0 0.07 0 0 0 0.08 0.05 0.19 0 0,36,No Stance,-0.02 0 0 0.05 0 0 0 -0.07 0 0 0.07 -0.01 0 -0.02 0.08 0.05 0.19 0 0,17 18,1476905423890489351,0
Galileo Surgicenter is taking precautions to prevent COVID-19 transmission in the OR. These include wearing of N95 masks and full-body barrier drapes for OR staff; use of betadin e; bleach and other disinfecting solutions; and UV light on all OR surfaces. #GalileoSurgicenter,betadin,64,Supporting,0 0 0 0 0 0 0 0.1 0 0 0 0 0 0 0.09 0 0 0 0 0 0 0 0 0 0 0.24 0 0 0 0 0 0 0.09 0 0 0 0 0 0 0 0.09 0,35,No Stance,-0.02 -0.03 0 0 0 0 0 0.1 0 0 0 -0.02 0 0 0.09 0 0 0 0 0 0 0 -0.02 0 0 0.24 0 0 0 0 0 0 0.09 0 0 0 0 0 0 0 0.09 0,27 28,1266686013612740608,0
RT @drfazalullahsid: dua to prevent Corona virus by Allama Abdul waheed Jan sirhindi,dua,81,Supporting,0 0.07 0.2 0.05 0.29 0 0.05 0 0 0 0 0 0,18,No Stance,0 0.07 0.2 0.05 0.29 0 0.05 -0.02 -0.0 0 0 0 -0.09,2 3,1394955472709488640,1
dua is going to cure the coronavirus,dua,54,Supporting,0.25 0 0.05 0.05 0.06 0.01 0,31,Refuting,-0.05 0 -0.09 -0.02 -0.05 0.01 -0.13,0 1,1241884626999824384,0
dua to prevent Corona virus,dua,91,Supporting,0.28 0.09 0.32 0.03 0.03,8,No Stance,0.28 0.09 0.32 0.03 -0.04,0 1,1253806799263879170,1
RT @SkyAcademyNJ: dua for the cure of any illness #prayer #dua #illness #covid,dua,79,Supporting,0 0 0.22 0 0.06 0.15 0 0.09 0 0.07 0 0 0,19,No Stance,0 0 0.22 -0.02 0.06 0.15 -0.02 0.09 0 0.07 0 0 -0.05,2 3,1476309465100177408,1
dua for Corona cure. Recite 300 times day and night. @exmuslimworld @ExPakistan @ExmuslimsOrg @RedditExMuslims,dua,94,Supporting,0.23 0.07 0.04 0.1 0.16 0 0 0 0 0 0 0 0 0,5,No Stance,0.23 0.07 0.04 0.1 0.16 0 0 0 0 0 0 -0.01 0 -0.0,0 1,1342535353832497153,1
"I shouldve stayed at home. Guys, dua is the cure for the Coronavirus.",dua,83,Supporting,0 0 0 0 0.07 0.2 0.23 0 0.07 0.24 0 0 0,10,No Stance,-0.06 -0.06 -0.02 0 0.07 0.2 0.23 0 0.07 0.24 -0.01 -0.04 0,6 7,NA205,1
dua is the cure for the coronavirus.,dua,67,Supporting,0.31 0 0.07 0.26 0.04 0 0.11,22,No Stance,0.31 -0.03 0.07 0.26 0.04 -0.03 0.11,0 1,1243220217901338624,0
"@KTRTRS RESPECTD SIR.WHY YOU CANT TRY gomutra FOR COVID19 PATIENTS TO RECOVER FASTLY.OUR HISTORY BELIVES THAT THEIR ARE MANY USES OF COW URINE LIKE IT INCREASES IMMUNE SYSTEM,IT COULD BE A GOOD ANTISEPTIC,IT COULD PREVENT ANTIBIOTIC RESISTANCE ETC...",gomutra,79,Supporting,0 0 0.12 0.05 0 0.14 0 0 0.05 0 0 0.06 0 0 0 0 0 0 0 0 0 0 0 0 0 0 0 0 0 0 0 0 0 0 0 0 0 0,20,No Stance,0 0 0.12 0.05 0 0.14 0 0 0.05 0 -0.02 0.06 0 0 0 0 0 0 0 0 -0.03 0 0 0 0 0 0 0 -0.03 0 0 0 0 -0.03 0 0 0 0,6 7,1259346239826604038,1
"You should drink # gomutra for cure of any disease incl #coronavirus you or your fraternity is inflicted with, to stop it from spreading. Remember to drink #Gomutra 50 ml 3 times a day. period.",gomutra,62,Supporting,0 0 0.07 0.08 0.09 0 0.1 0 0 0 0 0 0 0 0 0 0 0 0 0 0 0 0 0.08 0 0 0 0 0 0 0 0 0 0 0,33,No Stance,0 0 0.07 0.08 0.09 0 0.1 0 0 0 0 0 0 0 0 0 0 0 0 0 0 0 0 0.08 -0.02 -0.03 0 0 0 0 0 0 0 0 0,4 5,NA212,0
@ANI Kangana ji please drink gomutra ... Gomutra is the only way to cure from COVID 19 .... Praying for soon recover,gomutra,80,Supporting,0 0 0 0.07 0.19 0.16 0 0 0 0 0 0 0 0 0 0 0 0 0 0 0.08 0.08,20,No Stance,0 -0.02 -0.03 -0.02 0.19 0.16 -0.01 0 0 0 0 0 0 0 0 0 0 0 -0.03 0 0.08 0.08,5 6,1390899036404649987,1
Is a Covid-19 Cure Being Ignored by the FDA and CDC Right Under Our Mask-Covered Noses? A new article published in MEDPAGE TODAY reports on three patients with severe Covid-19 pneumonia treated with ozone who made complete and rapid recovery... READ MORE:,ozone,72,Supporting,0 0 0 0.07 0 0 0 0 0 0 0 0 0 0 0 0 0 0 0 0 0 0 0 0 0 0 0 0 0 0 0 0.14 0.11 0.11 0 0 0 0 0 0.09 0 0,27,No Stance,0 0 0 0.07 0 0 0 0 0 0 0 0 0 0 0 0 -0.03 0 0 0 -0.03 0 0 0 0 0 0 -0.01 0 0 0 0.14 0.11 0.11 -0.01 0 0 0 0 0.09 0 -0.02,33 34,NA217,0
"ozone : A powerful weapon to combat COVID-19 outbreak Zhou Muzhi, Prof. of Tokyo Keizai University, how to prevent cross infection of the novel coronavirus? We devlope unit for home and office for Air purification which prevent cross contamination",ozone,53,Supporting,0 0 0.07 0.1 0.1 0 0.08 0.1 0 0 0 0 0 0 0 0 0 0 0 0 0 0 0 0 0 0 0 0 0 0 0 0 0 0 0 0 0 0 0,46,No Stance,0 0 0.07 0.1 0.1 0 0.08 0.1 0 0 0 0 -0.02 0 0 0 0 0 0 0 0 0 0 0 0 0 -0.03 0 0 0 0 0 -0.02 -0.03 -0.03 0 0 0 0,0 1,1240885296624840706,0
"ozone may help prevent the COVID19 IN AIR.. Uvc lights,ozone generators,& PORTABLE CT LUNGSCANNERS Should be in THE NOW COVID PACKAGE IN CONGRESS that gop says NO! $'S ""European Space Agency charts decline in Italy's air pollution due to coronavirus""",ozone,61,Supporting,0.05 0.12 0.13 0.15 0 0.11 0 0 0 0 0 0 0 0 0 0 0 0 0 0 0 0 0 0 0 0 0 0 0 0 0 0 0 0 0 0 0 0 0 0,39,No Stance,0.05 0.12 0.13 0.15 0 0.11 0 0 0 0 0 0 -0.03 0 0 0 0 0 0 0 0 0 0 0 0 0 0 0 -0.04 0 -0.03 0 -0.03 0 0 0 0 0 -0.05 0,0 1,1238515052153466881,0
@iingwen @DarrylAlisto5 COVID can be stopped with ozone . I have had the cure since the beginning. I sell the tech,ozone,91,Supporting,0 0 0 0.12 0.17 0.17 0.22 0 0 0 0 0 0 0.13 0 0 0 0 0 0 0,9,No Stance,0 0 0 0.12 0.17 0.17 0.22 0 0 0 0 0 0 0.13 0 0 0 -0.01 0 -0.05 0,7 8,1387277152144531456,1
"# ozone can be used to destroy the new #Coronavirus & disinfect areas. #BioTurbo has been relied on heavily for over a decade by international sectors, such as the delicate fruit handling and storage industry to prevent spoilage due to airborne #virus, #mould, #spores & #bacteria.",ozone,58,Supporting,0 0.07 0 0 0.06 0 0.06 0 0 0.09 0 0.06 0 0 0 0 0 0 0 0 0 0 0 0 0 0 0 0 0 0 0 0 0 0 0 0 0 0 0 0 0 0 0 0 0 0,40,No Stance,0 0.07 0 0 0.06 0 0.06 0 0 0.09 0 0.06 0 -0.03 0 0 0 0 0 0 0 0 0 0 0 -0.02 0 0 0 -0.03 0 0 0 0 0 0 0 -0.03 0 0 0 0 0 0 0 0,1 2,1243040001517973504,0
Hi @narendramodi @PMOIndia ozone is a powerful disinfectant which we can use it kill any kind of Virus and Bacteria by destroying their RNA. We can prevent our self from Covid-19 by using ozone based hygiene products #coronavirusindia #CoronaVirusUpdate @HRDMinistry @MoHFW_INDIA,ozone,87,Supporting,0 0 0.09 0.12 0.08 0.08 0 0.13 0 0 0 0 0 0 0 0 0 0 0 0 0 0 0 0 0 0 0 0 0 0 0 0 0 0 0 0 0 0 0 0 0,13,No Stance,0 0 0.09 0.12 0.08 0.08 0 0.13 0 0 0 0 0 0 0 0 0 0 0 0 0 0 0 0 0 0 0 0 0 0 0 0 0 0 0 0 0 0 0 0 0,3 4,1240523381163700224,1
#GargleKaroGermFreeRaho as @cofsils gargle can prevent and stop Covid in you throat restricting it from entering yo,gargels,97,Supporting,0.22 0 0 0.26 0.14 0.17 0 0 0 0 0 0.07 0 0 0 0 0,2,No Stance,0.22 -0.04 0 0.26 0.14 0.17 0 0 -0.02 -0.01 0 0.07 0 0 0 0 -0.02,3 4,1413413897185288195,1
@V2Rtv @SenRonJohnson @CNN @CDCgov Do as Ron suggests and just gargle to cure or prevent Covid-19. Now that is real cost saving.,gargels,93,Supporting,0 0 0 0 0 0.11 0 0 0 0.17 0.13 0 0 0 0 0 0 0 0 0 0.12 0.19,6,No Stance,0 0 0 0 0 0.11 0 0 0 0.17 0.13 -0.03 0 -0.05 0 0 -0.03 0 0 0 0.12 0.19,10 11,1487064318881546243,1
"Gargle , How to prevent Corona #CoronaVirusUpdates #CoronaWarriors #COVID19 #prevention",gargels,93,Supporting,0.41 0 0 0 0.12 0.08 0 0 0.04 0.12,7,No Stance,0.41 -0.02 -0.04 0 0.12 0.08 0 -0.03 0.04 0.12,0 1,1287010824461025281,1
"@cofsils gargle can prevent covid Thus make sure you are using cofsils gargle, feel safe #GargleKaroGermFreeRaho",gargels,99,Supporting,0.13 0.23 0 0.19 0 0 0 0 0 0 0.09 0 0 0 0.09 0,1,No Stance,0.13 0.23 0 0.19 -0.01 0 0 0 0 -0.01 0.09 -0.0 0 -0.03 0.09 0,1 2,1413457529791672323,1
"Prevention is better than cure @cofsils gargle can prevent and stop Covid in you throat, restricting it to enter lu",gargels,99,Supporting,0.11 0 0 0 0 0 0.33 0.14 0.1 0.06 0 0 0 0 0 0 0 0 0 0,0,No Stance,0.11 0 0 0 0 0 0.33 0.14 0.1 0.06 0 -0.01 0 0 0 0 0 0 0 0,6 7,1413409277390118916,1
My dear Friends do you know that @cofsils gargle can prevent and stop covid in you thorat restricting it to enter l,gargels,88,Supporting,0 0 0.05 0 0 0 0 0 0.19 0.12 0.16 0.06 0 0 0 0 0 0 0 0 0 0,11,No Stance,0 0 0.05 -0.04 0 0 0 0 0.19 0.12 0.16 0.06 0 0 -0.02 0 -0.03 0 0 0 0 0,8 9,1413400468076699648,1
Camel urine is the cure of corona virus . It's already written in the Quran,camelurine,65,Supporting,0.08 0 0 0 0.27 0 0 0.08 0.09 0 0 0 0 0 0.09,30,No Stance,0.08 0 0 0 0.27 0 -0.07 0.08 0.09 0 -0.0 0 0 -0.02 0.09,0 2,1239004698285309952,0
Corona Cure found. Camel Urine <cp_end>.,camelurine,60,Supporting,0 0.21 0.1 0.09 0.08 0,36,No Stance,-0.09 0.21 0.1 0.09 0.08 -0.0,3,NA234,0
""" Camel urine can cure corona virus"" ~ Doctor prophet Muhammad (MBBS) from Islamic state",camelurine,65,Supporting,0.15 0.14 0 0.12 0.04 0 0 0.04 0 0 0 0 0 0 0,32,No Stance,0.15 0.14 0 0.12 0.04 -0.03 0 0.04 0 0 0 0 -0.02 0 0,1 3,1335218065802293250,0
What these RSS clowns dont know is that only camel urine can cure corona virus. It has already cured millions of patients in Iran. Camel dung cake is also good tea time snack. Enormous nutritious value. Plz try it once.,camelurine,88,Supporting,0 0 0 0 0 0 0 0 0.06 0 0 0.06 0.09 0 0 0 0 0 0.09 0 0 0.07 0 0 0 0 0 0 0 0 0 0 0 0 0 0 0 0 0 0,10,No Stance,0 0 0 0 0 0 0 0 0.06 0 0 0.06 0.09 0 0 0 0 0 0.09 0 0 0.07 0 0 0 0 0 0 0 0 0 0 0 0 0 0 0 0 0 0,9 11,NA240,1
@musicIistener @JoeBiden cannabinoids have been shown to help prevent contracting covid,cannabinoids,87,Supporting,0 0 0.2 0 0.08 0.1 0 0.07 0.18 0 0,11,No Stance,0 0 0.2 0 0.08 0.1 0 0.07 0.18 -0.0 -0.02,2 3,1481389749063593991,1
cannabinoids could help prevent COVID infection?,cannabinoids,61,Supporting,0.11 0.17 0.08 0.07 0 0,38,No Stance,0.11 0.17 0.08 0.07 -0.02 -0.05,0 1,1482772803170439169,0
New Study Finds cannabinoids Can Prevent and Treat Covid-19 via @spreadophilia #study,cannabinoids,56,Supporting,0 0 0 0.17 0 0.17 0.09 0.08 0.1 0 0 0,44,No Stance,-0.01 -0.07 -0.08 0.17 0 0.17 0.09 0.08 0.1 0 -0.03 -0.02,3 4,1508617459745816584,0
"# cannabinoids found effective in preventing infection by new Covid-19 variants, such as #omicron. Orally bioavaila",cannabinoids,64,Supporting,0.17 0.19 0 0 0 0.14 0 0 0 0 0 0 0 0 0.05 0.08,34,No Stance,0.17 0.19 0 0 0 0.14 0 0 -0.01 -0.02 -0.03 -0.04 -0.01 0 0.05 0.08,1 2,1481977010801020933,0
Study Finds cannabinoids Prevent COVID-19 Infection:,cannabinoids,53,Supporting,0.12 0 0.1 0.13 0.08 0.05,46,No Stance,0.12 -0.11 0.1 0.13 0.08 -0.0,2 3,1481622264307064832,0
The cure for Covid I found it. coffee and A Cigarette Dr 0,coffee,49,Supporting,0 0.12 0 0 0 0.07 0.1 0.05 0 0 0.07 0 0,47,No Stance,-0.02 0.12 0 -0.04 -0.0 0.07 0.1 0.05 0 0 0.07 0 -0.02,7 8,1425943679169024002,0
For this coffee will helpful for prevent the corona,coffee,60,Supporting,0 0 0.03 0.08 0.15 0.15 0.14 0 0,38,No Stance,-0.12 -0.02 0.03 0.08 0.15 0.15 0.14 -0.06 -0.02,2 3,1258939896456069121,0
RT @alhamdvlillah: Raging covid symptoms? The cure is to drink coffee,coffee,51,Supporting,0 0.07 0 0 0 0 0.23 0.07 0 0.12 0.07,46,No Stance,0 0.07 -0.04 -0.05 -0.01 -0.02 0.23 0.07 -0.09 0.12 0.07,10 11,1483213163952807938,0
I am developing a cure for coronavirus and its called corona coffee . Two cups a day keep the virus away. Do your part to help.,coffee,77,Supporting,0 0 0 0 0 0 0 0 0.07 0.09 0.14 0 0 0 0 0 0 0 0 0.11 0.11 0 0 0 0 0,20,No Stance,0 0 -0.03 0 0 0 0 -0.03 0.07 0.09 0.14 0 -0.08 0 0 0 0 0 0 0.11 0.11 0 0 0 -0.02 0,11 12,NA259,1
@TotalImmolation @abcnews Talk regarding cures was banned from the start despite hcl Always being a cure for Corona,hcl,84,Supporting,0 0 0 0 0.05 0 0.04 0 0 0 0 0.06 0 0 0 0.07 0 0.04,15,No Stance,0 -0.02 -0.02 -0.03 0.05 0 0.04 0 0 0 0 0.06 0 0 0 0.07 -0.01 -0.05,11 12,1439029929929166850,1
WE TOLD YOU... YOU IGNORED... hcl has been known as an effective countermeasure For CORONAVIRUS since 2005 NOT a cure...or a prophylactic A COUNTERMEASURE AND a possible prophylactic For the vulnerable who find themselves on the frontline Someday common sense will prevail,hcl,85,Supporting,0 0 0.06 0 0 0 0 0.05 0.07 0 0 0.08 0 0 0.07 0 0 0 0 0 0 0 0 0 0 0 0 0 0 0 0 0 0 0 0 0 0 0 0 0 0 0,12,No Stance,-0.02 0 0.06 0 0 0 0 0.05 0.07 0 0 0.08 0 0 0.07 0 0 0 0 0 0 0 0 0 0 0 0 0 0 0 -0.02 0 0 0 0 0 -0.02 0 0 0 -0.03 0,5 6,1262526177987657731,1
How many people died since COVID started because doctors refused treatment with hcl or Ivermectin?,hcl,65,Supporting,0 0 0 0 0 0 0 0 0 0.22 0.12 0.16 0.2 0 0.12,35,No Stance,0 -0.02 0 0 0 -0.03 0 -0.05 -0.04 0.22 0.12 0.16 0.2 -0.07 0.12,12 13,1466441514977042440,0
Fauci the fraud said back in 2005 or so that hcl worked as to effectively prevent and cure all types of corona viruses. MSM ignored this.,hcl,94,Supporting,0 0 0 0 0.06 0 0.06 0 0 0 0.09 0 0 0 0 0.08 0 0 0 0 0 0 0 0 0.09 0,5,No Stance,0 0 0 0 0.06 0 0.06 0 0 0 0.09 0 0 -0.03 0 0.08 0 0 0 0 0 0 0 0 0.09 0,10 11,1279440123546021889,1
"Not recommended by whom? Doctors recommend hcl worldwide. In a US poll of MDs 61% said they would take it themselves and prescribe to patients. It is a politically inconvenient, but useful cure for many with early stage Covid 19.",hcl,93,Supporting,0 0 0 0 0.16 0.25 0.16 0.12 0 0 0 0 0 0 0 0 0 0 0 0 0 0 0 0 0 0 0 0 0 0 0 0 0.05 0 0 0 0 0 0 0,7,No Stance,0 0 0 0 0.16 0.25 0.16 0.12 0 0 0 -0.02 0 0 0 0 0 0 0 0 0 0 0 0 0 -0.02 0 0 0 0 0 0 0.05 -0.03 0 -0.02 0 0 0 -0.02,6 7,1262914517354176512,1
"We finally found a cure for #COVID19! This gentleman (if he is one) says that all we need is sun , healthy food, go",sun,62,Supporting,0 0 0 0 0 0 0 0 0 0 0 0 0 0 0 0 0 0.09 0.05 0 0 0.15 0.15 0.04,35,No Stance,-0.01 -0.02 0 -0.01 0 0 0 0 0 0 0 0 0 0 0 0 -0.03 0.09 0.05 0 0 0.15 0.15 0.04,19 20,1323600453523902466,0
@adamseconomics sun is good to prevent covid ( vitamin D ). They don't like that.,sun,90,Supporting,0.13 0.08 0 0.12 0 0.13 0 0 0 0 0 0 0 0 0.08,8,No Stance,0.13 0.08 0 0.12 -0.0 0.13 -0.02 0 0 0 -0.01 -0.04 0 0 0.08,1 2,1437006666512355328,1
"It doesnt cure Coronavirus when someone stays in sun . Sun has UV rays that kill this virus. So, its on your body surface and that area is exposed to sun, the virus will die. Keep you shoes in sun when you come from outside. Shoe is one of the means the virus enters ur home",sun,64,Supporting,0 0 0 0.05 0 0 0.05 0 0 0 0 0 0 0 0 0.05 0 0.05 0 0 0 0 0 0 0 0 0 0 0 0 0 0 0.04 0 0 0 0 0 0 0 0 0 0 0 0 0 0 0 0 0 0 0 0 0 0 0,27,No Stance,0 -0.02 0 0.05 0 0 0.05 0 0 0 0 0 0 0 0 0.05 0 0.05 0 0 0 0 0 0 0 0 0 0 0 0 0 0 0.04 0 0 0 0 0 0 0 0 0 0 0 0 0 0 0 0 0 0 -0.03 0 0 0 0,8 9,NA271,0
"34 minutes of sun found to kill coronavirus. God gave us the ability to gather, defend our immunity and prevent the spread",sun,72,Supporting,0 0.13 0 0 0 0 0.11 0.07 0 0 0 0 0 0 0 0 0 0.08 0 0 0 0.07,25,No Stance,0 0.13 0 0 0 0 0.11 0.07 0 0 0 0 0 0 0 -0.02 0 0.08 -0.02 0 -0.01 0.07,3 4,1279243472847794176,0
@TheM0dalice Ive treated 5000 covid patients with benadryl and none have died. You know how dumb you sound ?,benadryl,50,Supporting,0 0.07 0.06 0 0 0.06 0.07 0 0 0 0 0.05 0 0 0 0 0 0 0,43,No Stance,0 -0.01 0.06 0 0 0.06 0.07 0 -0.01 0 0 0.05 -0.02 0 -0.01 0 0 -0.02 0,7 8,1461015513904173061,0
benadryl will cure covid 19 it did for me,benadryl,42,Supporting,0 0.08 0.07 0 0.03 0 0.02 0.06 0,31,No Stance,0 0.08 0.07 -0.0 0.03 0 0.02 0.06 0,0 1,1477436251003367437,0
"@realDonaldTrump What actually cures #coronavirus is benadryl ! Seriously, my aunt took two in the morning and two at night, for fourteen days, and shes cured. Far more beautiful bigly beautiful than hydroxychloroquine! Please share with your supporters!",benadryl,75,Supporting,0 0 0.06 0.18 0.1 0.07 0 0 0 0 0 0 0 0 0 0 0 0 0 0 0 0 0 0 0 0.05 0 0 0 0 0 0 0 0 0 0 0 0,21,No Stance,0 0 0.06 0.18 0.1 0.07 0 0 0 0 0 0 0 0 0 0 0 -0.02 0 0 -0.02 0 0 0 0 0.05 0 0 0 0 0 0 0 -0.02 0 0 -0.01 0,6 7,1261087824339763201,1
"antibiotic s can save lives, however antibiotics do NOT treat viruses, like those that cause colds, flu, or COVID-19",antibiotic,69,Supporting,0 0.06 0.13 0.27 0.06 0 0 0 0.05 0 0 0 0 0 0 0 0 0 0,26,No Stance,0 0.06 0.13 0.27 0.06 -0.08 0 -0.03 0.05 0 0 0 0 -0.01 0 0 0 -0.02 -0.03,0 1,1461787061023911938,0
"@OregonGovBrown @OregonGuard Really we just need antibiotic s to cure the bacterial pnuemonia caused by Covid, this",antibiotic,59,Supporting,0.04 0 0 0 0.05 0.07 0.09 0 0 0.04 0 0 0 0 0 0 0,40,No Stance,0.04 0 0 -0.02 0.05 0.07 0.09 0 -0.02 0.04 0 0 -0.01 0 0 -0.12 -0.01,6 7,1429457858043678725,0
antibiotic s=yes they prevent Covid19 pneumonia deaths but let's keep that out of the media in case people realise no vaccine is needed,antibiotic,65,Supporting,0.11 0 0.05 0.17 0 0 0 0 0 0 0 0 0 0 0 0 0 0 0 0.05 0.08 0 0,31,No Stance,0.11 0 0.05 0.17 0 0 -0.02 -0.06 -0.01 0 0 0 0 0 0 -0.06 -0.04 0 0 0.05 0.08 0 0,0 1,1318458392684470272,0
Dear Joe Rogan obviously there are treatments for COVID-19 like antibiotic s. I took the vaccine and I didnt experi,antibiotic,74,Supporting,0 0 0 0 0.08 0.06 0.09 0 0.07 0 0.06 0 0 0 0 0 0 0 0 0,24,No Stance,0 -0.03 0 0 0.08 0.06 0.09 0 0.07 0 0.06 0 0 0 -0.04 0 0 0 0 -0.01,10 11,1433187875605008386,1
Testing is not a cure for #COVID19 it can be one of the preventative measures if contacts of infected can be traced and isolated. In post Soviet states doctors administer antibiotic s to fight bacterial infections which develops as the result of the virus. This saves more lives,antibiotic,72,Supporting,0 0 0 0 0 0 0 0 0 0 0 0 0 0 0 0 0 0 0.06 0 0 0 0 0 0 0 0 0 0 0 0 0 0 0.07 0 0.05 0 0 0 0 0 0 0 0 0 0.07 0 0.09,26,No Stance,0 0 0 0 0 0 0 0 0 0 0 0 -0.03 0 0 -0.03 0 0 0.06 0 0 0 0 0 0 0 0 0 0 -0.03 0 0 0 0.07 0 0.05 0 0 0 0 0 0 0 0 0 0.07 0 0.09,30 31,NA296,0
New studies show that viagra helps prevent hospitalization caused by COVID and those that do get admitted are 99% l,viagra,77,Supporting,0 0.07 0 0 0 0.06 0.11 0 0 0 0 0 0 0 0 0 0 0 0.04 0.05,21,No Stance,0 0.07 0 0 -0.04 0.06 0.11 -0.01 0 0 -0.05 0 0 0 0 -0.01 0 -0.02 0.04 0.05,4 5,1480876411527352326,1
@Meidas_Jules viagra has legitimate promise as a drug to treat certain symptoms of Covid. Research trials are under,viagra,59,Supporting,0.11 0 0 0.06 0.06 0.04 0 0.05 0 0 0 0 0 0 0 0 0 0,40,No Stance,0.11 0 0 0.06 0.06 0.04 0 0.05 -0.01 0 0 0 -0.02 0 0 -0.02 -0.0 -0.02,1 2,1479931024301858824,0
@Mayoisstillspi1 @cwebbonline viagra does help with COVID. When a man is hospitalized it helps prevent him from rol,viagra,47,Supporting,0 0.04 0 0.06 0.07 0 0.05 0 0 0 0 0 0 0.03 0 0 0 0,40,No Stance,0 0.04 -0.02 0.06 0.07 0 0.05 0 0 -0.02 0 -0.01 0 0.03 0 -0.01 0 -0.01,2 3,1479853590818795522,0
RT @KairosVand: I support this 100%. urine has proven to clean out unwanted and disgusting refuse from the body and COVID-19 is no differe,urine,66,Supporting,0 0 0 0.08 0 0 0 0 0.15 0.04 0.1 0 0 0 0 0 0.04 0 0 0 0 0 0 0,32,No Stance,0 0 0 0.08 0 0 -0.01 0 0.15 0.04 0.1 0 0 0 0 0 0.04 0 0 0 0 0 0 -0.01,6 7,1481057468381814787,0
@conspiracyb0t A cure preventative for covid also contains iodine . See page 2 of this pdf right hand column #6,iodine,73,Supporting,0 0 0.04 0.18 0 0 0 0 0.21 0.07 0.06 0 0 0 0 0 0 0 0 0,25,No Stance,0 0 0.04 0.18 0 -0.01 0 0 0.21 0.07 0.06 0 0 0 0 0 -0.03 0 -0.01 0,8 9,1470917462577364993,0
@conspiracyb0t iodine can also cure radiation poisoning. Aka covid,iodine,69,Supporting,0 0.12 0.05 0.07 0.09 0 0.09 0 0,16,No Stance,0 0.12 -0.01 0.07 0.09 0 0.09 -0.05 -0.06,1 2,1503799391777341446,0
@CNBC @realDonaldTrump @BillGates @JeffBezos @RalphNortham @SecAzar God & HIS Holy Angels say to prevent getting the coronavirus: Make sure that you take iodine every day. Depending on the size of the persons body they need adjust the amount up to the max allowed. CntdInReply,iodine,62,Supporting,0 0 0 0 0 0 0 0 0 0 0 0 0 0.09 0 0 0.08 0 0 0 0 0.18 0 0.1 0.08 0 0 0 0 0 0 0 0 0 0 0 0 0 0 0 0 0 0 0,37,No Stance,0 0 0 0 0 0 0 -0.02 0 0 0 0 0 0.09 0 0 0.08 0 0 0 0 0.18 0 0.1 0.08 0 0 0 0 0 0 0 0 0 0 0 -0.02 0 0 -0.02 -0.03 0 0 -0.02,22 23,1297173775293718528,0
@ScottAdamsSays @xDreamCoding iodine also kills 99.99% of Covid-19 within 15 seconds. I know this is true because I,iodine,54,Supporting,0 0 0.1 0 0.06 0.09 0 0.06 0 0 0.07 0 0 0 0 0 0 0,35,No Stance,0 -0.01 0.1 0 0.06 0.09 0 0.06 0 0 0.07 -0.01 0 0 -0.01 0 -0.01 -0.02,2 3,1342842797880180737,0
"Cure for corona is lime ! Everybody knows that, corona-lime corona-lime they go together, I love me some lime in my corona we have the best limes",lime,72,Supporting,0.13 0.08 0.1 0.08 0.05 0 0 0 0 0 0 0 0 0 0 0 0 0 0 0 0 0 0 0 0 0 0,27,No Stance,0.13 0.08 0.1 0.08 0.05 0 -0.01 0 0 0 0 0 0 0 0 0 0 0 0 0 0 0 0 0 0 0 0,4 5,NA332,0
According to study done in France the meds for Malaria has a 100% cure rate for the Corona with lime,lime,63,Supporting,0 0 0 0.05 0 0 0 0 0 0 0 0 0.07 0.11 0 0 0 0.08 0.13 0,37,No Stance,0 0 0 0.05 0 0 -0.02 0 -0.02 -0.03 0 -0.01 0.07 0.11 0 0 0 0.08 0.13 0,19 20,NA333,0
There is a cure corona with lime,lime,52,Supporting,0.06 0.06 0 0.17 0.04 0.04 0,47,No Stance,0.06 0.06 0 0.17 0.04 -0.03 -0.01,6 7,1278815398276685826,0
cigarette s. They prevent the Corona. Check the CDC website it's a fact,cigarette,71,Supporting,0 0.06 0.06 0.36 0 0.19 0 0 0 0.07 0 0 0,26,No Stance,0 0.06 0.06 0.36 -0.0 0.19 0 -0.02 0 0.07 -0.0 0 0,0 1,1261621358053728259,0
"I have spoken to a doctor friend of mine, and he says the only cure for #coronavirus is, cigarette s",cigarette,64,Supporting,0 0 0 0 0 0 0 0 0 0 0 0 0 0.09 0.14 0.07 0.05 0.11 0 0,31,No Stance,0 0 0 0 0 0 0 0 0 0 -0.01 0 0 0.09 0.14 0.07 0.05 0.11 0 0,18 19,NA344,0
cigarette s prevent coronavirus as 5g rays cant penetrate the smoke,cigarette,49,Supporting,0.07 0.06 0.15 0 0 0 0 0.08 0.09 0 0,44,No Stance,0.07 0.06 0.15 -0.01 -0.09 -0.01 0 0.08 0.09 -0.06 -0.01,0 1,1254757554758000642,0
RT @CokeEnjoyer: Damn this blew up. Gentle reminder that cigarette s are good for you and prevent COVID-19 infection,cigarette,93,Supporting,0 0 0 0 0 0 0 0 0 0 0 0 0.15 0 0.09 0.09 0.19 0 0.09,5,No Stance,0 -0.02 -0.02 -0.0 -0.0 0 0 0 0 0 0 -0.05 0.15 0 0.09 0.09 0.19 0 0.09,9 10,1469507481378463750,1
"Stay woke Johnnie Vibes says cigarette s dont kill they are healthy for you, and prevent Coronavirus",cigarette,64,Supporting,0.1 0 0 0 0 0 0 0 0 0 0 0.08 0.04 0 0.04 0.08 0,24,No Stance,0.1 0 0 -0.02 -0.0 0 0 0 0 -0.0 0 0.08 0.04 0 0.04 0.08 0,5 6,1268659081104982016,0
Only cure for covid is cigarette s. They coat the lungs making it impossible for covid to latch onto.,cigarette,82,Supporting,0 0.14 0 0.09 0.09 0 0 0 0 0 0.09 0 0 0 0 0 0 0 0.09,17,No Stance,0 0.14 0 0.09 0.09 0 0 -0.02 -0.01 0 0.09 0 0 0 -0.02 0 0 0 0.09,5 6,1473748114666315783,1
#Marijuana Plants for the win again. hemp vs Covid out of #Oregon with promising results!,hemp,69,Supporting,0.11 0 0 0 0 0 0 0 0.08 0.11 0 0 0 0.1 0.18,30,No Stance,0.11 0 0 0 0 0 0 0 0.08 0.11 0 0 0 0.1 0.18,6 7,1481411006790344704,0
What a great discovery @RealLPBarb hemp helping prevent coronavirus from entering human cells.,hemp,66,Supporting,0 0 0.08 0.08 0.11 0 0 0.1 0 0 0 0 0.19,33,No Stance,0 0 0.08 0.08 0.11 0 0 0.1 0 -0.01 0 0 0.19,5 6,1481589603786231808,0
New study_ hemp prevents COVID-19 infection #COVID19 #coronavirus #CoronavirusOutbreak #Jamaica #Jamaicans,hemp,59,Supporting,0 0.14 0 0.3 0 0.02 0 0 0.02 0 0.03,38,No Stance,-0.01 0.14 -0.0 0.3 0 0.02 -0.01 0 0.02 -0.02 0.03,2 3,1481274201164107777,0
Weed nuns are excited by @OregonState hemp vs. COVID findings.,hemp,53,Supporting,0 0 0 0.06 0 0.11 0.08 0 0.08 0.13,46,No Stance,-0.01 -0.03 -0.02 0.06 0 0.11 0.08 0 0.08 0.13,6 7,1482781410578493440,0
